image,title,description,genres,contentRating,imDbRating,imDbRatingVotes,stars,runtimeMinutes
https://m.media-amazon.com/images/M/MV5BMDBmYTZjNjUtN2M1MS00MTQ2LTk2ODgtNzc2M2QyZGE5NTVjXkEyXkFqcGdeQXVyNzAwMjU2MTY@._V1_Ratio0.6837_AL_.jpg,Oppenheimer,2023,"Biography,Drama,History",R,8.6,162320,"Christopher Nolan,Cillian Murphy,Emily Blunt,Matt Damon,Robert Downey Jr.",180
https://m.media-amazon.com/images/M/MV5BMzI0NmVkMjEtYmY4MS00ZDMxLTlkZmEtMzU4MDQxYTMzMjU2XkEyXkFqcGdeQXVyMzQ0MzA0NTM@._V1_Ratio0.6837_AL_.jpg,Spider-Man: Across the Spider-Verse,2023,"Animation,Action,Adventure",PG,8.7,191859,"Joaquim Dos Santos,Kemp Powers,Justin K. Thompson,Shameik Moore,Hailee Steinfeld,Brian Tyree Henry,Luna Lauren Velez",140
https://m.media-amazon.com/images/M/MV5BZjdkOTU3MDktN2IxOS00OGEyLWFmMjktY2FiMmZkNWIyODZiXkEyXkFqcGdeQXVyMTMxODk2OTU@._V1_Ratio0.6837_AL_.jpg,Interstellar,2014,"Adventure,Drama,Sci-Fi",PG-13,8.7,1946816,"Christopher Nolan,Matthew McConaughey,Anne Hathaway,Jessica Chastain,Mackenzie Foy",169
https://m.media-amazon.com/images/M/MV5BMTMxNTMwODM0NF5BMl5BanBnXkFtZTcwODAyMTk2Mw@@._V1_Ratio0.6837_AL_.jpg,The Dark Knight,2008,"Action,Crime,Drama",PG-13,9,2747297,"Christopher Nolan,Christian Bale,Heath Ledger,Aaron Eckhart,Michael Caine",152
https://m.media-amazon.com/images/M/MV5BNDE3ODcxYzMtY2YzZC00NmNlLWJiNDMtZDViZWM2MzIxZDYwXkEyXkFqcGdeQXVyNjAwNDUxODI@._V1_Ratio0.6837_AL_.jpg,The Shawshank Redemption,1994,Drama,R,9.3,2772048,"Frank Darabont,Tim Robbins,Morgan Freeman,Bob Gunton,William Sadler",142
https://m.media-amazon.com/images/M/MV5BM2MyNjYxNmUtYTAwNi00MTYxLWJmNWYtYzZlODY3ZTk3OTFlXkEyXkFqcGdeQXVyNzkwMjQ5NzM@._V1_Ratio0.7041_AL_.jpg,The Godfather,1972,"Crime,Drama",R,9.2,1929690,"Francis Ford Coppola,Marlon Brando,Al Pacino,James Caan,Diane Keaton",175
https://m.media-amazon.com/images/M/MV5BNDhmNTA0ZDMtYjhkNS00NzEzLWIzYTItOGNkMTVmYjE2YmI3XkEyXkFqcGdeQXVyNzkwMjQ5NzM@._V1_Ratio0.6837_AL_.jpg,The Deer Hunter,1978,"Drama,War",R,8.1,348879,"Michael Cio,Robert De Niro,Christopher Walken,John Cazale,John Savage",183
https://m.media-amazon.com/images/M/MV5BMjQ1NjM3MTUxNV5BMl5BanBnXkFtZTgwMDc5MTY5OTE@._V1_Ratio0.6837_AL_.jpg,Hacksaw Ridge,2016,"Biography,Drama,History",R,8.1,557828,"Mel Gibson,Andrew Garfield,Sam Worthington,Luke Bracey,Teresa Palmer",139
https://m.media-amazon.com/images/M/MV5BMjAxMzY3NjcxNF5BMl5BanBnXkFtZTcwNTI5OTM0Mw@@._V1_Ratio0.6837_AL_.jpg,Inception,2010,"Action,Adventure,Sci-Fi",PG-13,8.8,2438171,"Christopher Nolan,Leonardo DiCaprio,Joseph Gordon-Levitt,Elliot Page,Ken Watanabe",148
https://m.media-amazon.com/images/M/MV5BMjIxMjgxNTk0MF5BMl5BanBnXkFtZTgwNjIyOTg2MDE@._V1_Ratio0.6837_AL_.jpg,The Wolf of Wall Street,2013,"Biography,Comedy,Crime",R,8.2,1482586,"Martin Scorsese,Leonardo DiCaprio,Jonah Hill,Margot Robbie,Matthew McConaughey",180
https://m.media-amazon.com/images/M/MV5BZWYzOGEwNTgtNWU3NS00ZTQ0LWJkODUtMmVhMjIwMjA1ZmQwXkEyXkFqcGdeQXVyMjkwOTAyMDU@._V1_Ratio0.6837_AL_.jpg,Top Gun: Maverick,2022,"Action,Drama",PG-13,8.3,613027,"Joseph Kosinski,Tom Cruise,Jennifer Connelly,Miles Teller,Val Kilmer",130
https://m.media-amazon.com/images/M/MV5BMTk4ODQzNDY3Ml5BMl5BanBnXkFtZTcwODA0NTM4Nw@@._V1_Ratio0.6837_AL_.jpg,The Dark Knight Rises,2012,"Action,Drama,Thriller",PG-13,8.4,1757656,"Christopher Nolan,Christian Bale,Tom Hardy,Anne Hathaway,Gary Oldman",164
https://m.media-amazon.com/images/M/MV5BNGNhMDIzZTUtNTBlZi00MTRlLWFjM2ItYzViMjE3YzI5MjljXkEyXkFqcGdeQXVyNzkwMjQ5NzM@._V1_Ratio0.6837_AL_.jpg,Pulp Fiction,1994,"Crime,Drama",R,8.9,2127538,"Quentin Tarantino,John Travolta,Uma Thurman,Samuel L. Jackson,Bruce Willis",154
https://m.media-amazon.com/images/M/MV5BMDliMmNhNDEtODUyOS00MjNlLTgxODEtN2U3NzIxMGVkZTA1L2ltYWdlXkEyXkFqcGdeQXVyNjU0OTQ0OTY@._V1_Ratio0.6837_AL_.jpg,Gladiator,2000,"Action,Adventure,Drama",R,8.5,1548156,"Ridley Scott,Russell Crowe,Joaquin Phoenix,Connie Nielsen,Oliver Reed",155
https://m.media-amazon.com/images/M/MV5BYWFlZGY2NDktY2ZjOS00ZWNkLTg0ZDAtZDY4MTM1ODU4ZjljXkEyXkFqcGdeQXVyMjUzOTY1NTc@._V1_Ratio0.6837_AL_.jpg,The Exorcist,1973,Horror,R,8.1,425271,"William Friedkin,Ellen Burstyn,Max von Sydow,Linda Blair,Lee J. Cobb",122
https://m.media-amazon.com/images/M/MV5BNGVjNWI4ZGUtNzE0MS00YTJmLWE0ZDctN2ZiYTk2YmI3NTYyXkEyXkFqcGdeQXVyMTkxNjUyNQ@@._V1_Ratio0.6837_AL_.jpg,Joker,2019,"Crime,Drama,Thriller",R,8.4,1376149,"Todd Phillips,Joaquin Phoenix,Robert De Niro,Zazie Beetz,Frances Conroy",122
https://m.media-amazon.com/images/M/MV5BOTJiNDEzOWYtMTVjOC00ZjlmLWE0NGMtZmE1OWVmZDQ2OWJhXkEyXkFqcGdeQXVyNTIzOTk5ODM@._V1_Ratio0.6837_AL_.jpg,Inglourious Basterds,2009,"Adventure,Drama,War",R,8.3,1507160,"Quentin Tarantino,Brad Pitt,Diane Kruger,Eli Roth,Mélanie Laurent",153
https://m.media-amazon.com/images/M/MV5BMjM2MDgxMDg0Nl5BMl5BanBnXkFtZTgwNTM2OTM5NDE@._V1_Ratio0.6837_AL_.jpg,Jurassic Park,1993,"Action,Adventure,Sci-Fi",PG-13,8.2,1024419,"Steven Spielberg,Sam Neill,Laura Dern,Jeff Goldblum,Richard Attenborough",127
https://m.media-amazon.com/images/M/MV5BNTU2ODkyY2MtMjU1NC00NjE1LWEzYjgtMWQ3MzRhMTE0NDc0XkEyXkFqcGdeQXVyMjM4MzQ4OTQ@._V1_Ratio0.6837_AL_.jpg,Indiana Jones and the Raiders of the Lost Ark,1981,"Action,Adventure",PG,8.4,1005126,"Steven Spielberg,Harrison Ford,Karen Allen,Paul Freeman,John Rhys-Davies",115
https://m.media-amazon.com/images/M/MV5BN2EyZjM3NzUtNWUzMi00MTgxLWI0NTctMzY4M2VlOTdjZWRiXkEyXkFqcGdeQXVyNDUzOTQ5MjY@._V1_Ratio0.6837_AL_.jpg,The Lord of the Rings: The Fellowship of the Ring,2001,"Action,Adventure,Drama",PG-13,8.8,1929755,"Peter Jackson,Elijah Wood,Ian McKellen,Orlando Bloom,Sean Bean",178
https://m.media-amazon.com/images/M/MV5BODQ0OWJiMzktYjNlYi00MzcwLThlZWMtMzRkYTY4ZDgxNzgxXkEyXkFqcGdeQXVyNzkwMjQ5NzM@._V1_Ratio0.6837_AL_.jpg,Fight Club,1999,Drama,R,8.8,2208076,"David Fincher,Brad Pitt,Edward Norton,Meat Loaf,Zach Grenier",139
https://m.media-amazon.com/images/M/MV5BOTY4YjI2N2MtYmFlMC00ZjcyLTg3YjEtMDQyM2ZjYzQ5YWFkXkEyXkFqcGdeQXVyMTQxNzMzNDI@._V1_Ratio0.6837_AL_.jpg,Batman Begins,2005,"Action,Crime,Drama",PG-13,8.2,1517613,"Christopher Nolan,Christian Bale,Michael Caine,Ken Watanabe,Liam Neeson",140
https://m.media-amazon.com/images/M/MV5BNWIwODRlZTUtY2U3ZS00Yzg1LWJhNzYtMmZiYmEyNmU1NjMzXkEyXkFqcGdeQXVyMTQxNzMzNDI@._V1_Ratio0.6837_AL_.jpg,Forrest Gump,1994,"Drama,Romance",PG-13,8.8,2156001,"Robert Zemeckis,Tom Hanks,Robin Wright,Gary Sinise,Sally Field",142
https://m.media-amazon.com/images/M/MV5BYjZjNTJlZGUtZTE1Ny00ZDc4LTgwYjUtMzk0NDgwYzZjYTk1XkEyXkFqcGdeQXVyNjU0OTQ0OTY@._V1_Ratio0.6837_AL_.jpg,Heat,1995,"Action,Crime,Drama",R,8.3,684294,"Michael Mann,Al Pacino,Robert De Niro,Val Kilmer,Jon Voight",170
https://m.media-amazon.com/images/M/MV5BMTg0NTIzMjQ1NV5BMl5BanBnXkFtZTcwNDc3MzM5OQ@@._V1_Ratio0.6837_AL_.jpg,Prisoners,2013,"Crime,Drama,Mystery",R,8.1,757944,"Denis Villeneuve,Hugh Jackman,Jake Gyllenhaal,Viola Davis,Melissa Leo",153
https://m.media-amazon.com/images/M/MV5BOTUwODM5MTctZjczMi00OTk4LTg3NWUtNmVhMTAzNTNjYjcyXkEyXkFqcGdeQXVyNjU0OTQ0OTY@._V1_Ratio0.6837_AL_.jpg,Se7en,1995,"Crime,Drama,Mystery",R,8.6,1714644,"David Fincher,Morgan Freeman,Brad Pitt,Kevin Spacey,Andrew Kevin Walker",127
https://m.media-amazon.com/images/M/MV5BODJmY2Y2OGQtMDg2My00N2Q3LWJmZTUtYTc2ODBjZDVlNDlhXkEyXkFqcGdeQXVyMTQxNzMzNDI@._V1_Ratio0.6837_AL_.jpg,Stand by Me,1986,"Adventure,Comedy,Drama",R,8.1,421427,"Rob Reiner,Wil Wheaton,River Phoenix,Corey Feldman,Jerry O'Connell",89
https://m.media-amazon.com/images/M/MV5BMjA5Njk3MjM4OV5BMl5BanBnXkFtZTcwMTc5MTE1MQ@@._V1_Ratio0.6837_AL_.jpg,No Country for Old Men,2007,"Crime,Drama,Thriller",R,8.2,1011543,"Ethan Coen,Joel Coen,Tommy Lee Jones,Javier Bardem,Josh Brolin,Woody Harrelson",122
https://m.media-amazon.com/images/M/MV5BNDE4OTMxMTctNmRhYy00NWE2LTg3YzItYTk3M2UwOTU5Njg4XkEyXkFqcGdeQXVyNjU0OTQ0OTY@._V1_Ratio0.6837_AL_.jpg,Schindler's List,1993,"Biography,Drama,History",R,9,1395717,"Steven Spielberg,Liam Neeson,Ralph Fiennes,Ben Kingsley,Caroline Goodall",195
https://m.media-amazon.com/images/M/MV5BNTBmZWJkNjctNDhiNC00MGE2LWEwOTctZTk5OGVhMWMyNmVhXkEyXkFqcGdeQXVyMTMxODk2OTU@._V1_Ratio0.6837_AL_.jpg,American Beauty,1999,Drama,R,8.3,1179380,"Sam Mendes,Kevin Spacey,Annette Bening,Thora Birch,Wes Bentley",122
https://m.media-amazon.com/images/M/MV5BNGYyZGM5MGMtYTY2Ni00M2Y1LWIzNjQtYWUzM2VlNGVhMDNhXkEyXkFqcGdeQXVyMTMxODk2OTU@._V1_Ratio0.6837_AL_.jpg,Pirates of the Caribbean: The Curse of the Black Pearl,2003,"Action,Adventure,Fantasy",PG-13,8.1,1163601,"Gore Verbinski,Johnny Depp,Geoffrey Rush,Orlando Bloom,Keira Knightley",143
https://m.media-amazon.com/images/M/MV5BMjA4NDI0MTIxNF5BMl5BanBnXkFtZTYwNTM0MzY2._V1_Ratio0.6837_AL_.jpg,The Prestige,2006,"Drama,Mystery,Sci-Fi",PG-13,8.5,1378244,"Christopher Nolan,Christian Bale,Hugh Jackman,Scarlett Johansson,Michael Caine",130
https://m.media-amazon.com/images/M/MV5BMTk0MDQ3MzAzOV5BMl5BanBnXkFtZTgwNzU1NzE3MjE@._V1_Ratio0.6837_AL_.jpg,Gone Girl,2014,"Drama,Mystery,Thriller",R,8.1,1018023,"David Fincher,Ben Affleck,Rosamund Pike,Neil Patrick Harris,Tyler Perry",149
https://m.media-amazon.com/images/M/MV5BMmVmODY1MzEtYTMwZC00MzNhLWFkNDMtZjAwM2EwODUxZTA5XkEyXkFqcGdeQXVyNTAyODkwOQ@@._V1_Ratio0.6837_AL_.jpg,Jaws,1975,"Adventure,Mystery,Thriller",PG,8.1,632079,"Steven Spielberg,Roy Scheider,Robert Shaw,Richard Dreyfuss,Lorraine Gary",124
https://m.media-amazon.com/images/M/MV5BOGQzZTBjMjQtOTVmMS00NGE5LWEyYmMtOGQ1ZGZjNmRkYjFhXkEyXkFqcGdeQXVyMjUzOTY1NTc@._V1_Ratio0.6837_AL_.jpg,Alien,1979,"Horror,Sci-Fi",R,8.5,910898,"Ridley Scott,Sigourney Weaver,Tom Skerritt,John Hurt,Veronica Cartwright",117
https://m.media-amazon.com/images/M/MV5BNjNhZTk0ZmEtNjJhMi00YzFlLWE1MmEtYzM1M2ZmMGMwMTU4XkEyXkFqcGdeQXVyNjU0OTQ0OTY@._V1_Ratio0.6837_AL_.jpg,The Silence of the Lambs,1991,"Crime,Drama,Thriller",R,8.6,1479529,"Jonathan Demme,Jodie Foster,Anthony Hopkins,Lawrence A. Bonney,Kasi Lemmons",118
https://m.media-amazon.com/images/M/MV5BMjMwNDkxMTgzOF5BMl5BanBnXkFtZTgwNTkwNTQ3NjM@._V1_Ratio0.6837_AL_.jpg,Spider-Man: Into the Spider-Verse,2018,"Animation,Action,Adventure",PG,8.4,612114,"Bob Persichetti,Peter Ramsey,Rodney Rothman,Shameik Moore,Jake Johnson,Hailee Steinfeld,Mahershala Ali",117
https://m.media-amazon.com/images/M/MV5BZWMyYzFjYTYtNTRjYi00OGExLWE2YzgtOGRmYjAxZTU3NzBiXkEyXkFqcGdeQXVyMzQ0MzA0NTM@._V1_Ratio0.6837_AL_.jpg,Spider-Man: No Way Home,2021,"Action,Adventure,Fantasy",PG-13,8.2,816000,"Jon Watts,Tom Holland,Zendaya,Benedict Cumberbatch,Jacob Batalon",148
https://m.media-amazon.com/images/M/MV5BYWZjMjk3ZTItODQ2ZC00NTY5LWE0ZDYtZTI3MjcwN2Q5NTVkXkEyXkFqcGdeQXVyODk4OTc3MTY@._V1_Ratio0.6837_AL_.jpg,Parasite,2019,"Drama,Thriller",R,8.5,870729,"Bong Joon Ho,Song Kang-ho,Lee Sun-kyun,Cho Yeo-jeong,Choi Woo-sik",132
https://m.media-amazon.com/images/M/MV5BMTI1MTY2OTIxNV5BMl5BanBnXkFtZTYwNjQ4NjY3._V1_Ratio0.6837_AL_.jpg,The Departed,2006,"Crime,Drama,Thriller",R,8.5,1367691,"Martin Scorsese,Leonardo DiCaprio,Matt Damon,Jack Nicholson,Mark Wahlberg",151
https://m.media-amazon.com/images/M/MV5BY2NkZjEzMDgtN2RjYy00YzM1LWI4ZmQtMjIwYjFjNmI3ZGEwXkEyXkFqcGdeQXVyNzkwMjQ5NzM@._V1_Ratio0.6837_AL_.jpg,Goodfellas,1990,"Biography,Crime,Drama",R,8.7,1202919,"Martin Scorsese,Robert De Niro,Ray Liotta,Joe Pesci,Lorraine Bracco",145
https://m.media-amazon.com/images/M/MV5BM2M1MmVhNDgtNmI0YS00ZDNmLTkyNjctNTJiYTQ2N2NmYzc2XkEyXkFqcGdeQXVyNzkwMjQ5NzM@._V1_Ratio0.6837_AL_.jpg,Taxi Driver,1976,"Crime,Drama",R,8.2,874226,"Martin Scorsese,Robert De Niro,Jodie Foster,Cybill Shepherd,Albert Brooks",114
https://m.media-amazon.com/images/M/MV5BNWJlNzUzNGMtYTAwMS00ZjI2LWFmNWQtODcxNWUxODA5YmU1XkEyXkFqcGdeQXVyNTIzOTk5ODM@._V1_Ratio0.6837_AL_.jpg,Amadeus,1984,"Biography,Drama,Music",R,8.4,412914,"Milos Forman,F. Murray Abraham,Tom Hulce,Elizabeth Berridge,Roy Dotrice",160
https://m.media-amazon.com/images/M/MV5BNzQzOTk3OTAtNDQ0Zi00ZTVkLWI0MTEtMDllZjNkYzNjNTc4L2ltYWdlXkEyXkFqcGdeQXVyNjU0OTQ0OTY@._V1_Ratio0.6837_AL_.jpg,The Matrix,1999,"Action,Sci-Fi",R,8.7,1973648,"Lana Wachowski,Lilly Wachowski,Keanu Reeves,Laurence Fishburne,Carrie-Anne Moss,Hugo Weaving",136
https://m.media-amazon.com/images/M/MV5BMTc5MDE2ODcwNV5BMl5BanBnXkFtZTgwMzI2NzQ2NzM@._V1_Ratio0.6837_AL_.jpg,Avengers: Endgame,2019,"Action,Adventure,Drama",PG-13,8.4,1197420,"Anthony Russo,Joe Russo,Robert Downey Jr.,Chris Evans,Mark Ruffalo,Chris Hemsworth",181
https://m.media-amazon.com/images/M/MV5BOTdiNzJlOWUtNWMwNS00NmFlLWI0YTEtZmI3YjIzZWUyY2Y3XkEyXkFqcGdeQXVyNjU0OTQ0OTY@._V1_Ratio0.6837_AL_.jpg,Requiem for a Dream,2000,Drama,R,8.3,867740,"Darren Aronofsky,Ellen Burstyn,Jared Leto,Jennifer Connelly,Marlon Wayans",102
https://m.media-amazon.com/images/M/MV5BZmU0M2Y1OGUtZjIxNi00ZjBkLTg1MjgtOWIyNThiZWIwYjRiXkEyXkFqcGdeQXVyMTQxNzMzNDI@._V1_Ratio0.6837_AL_.jpg,Back to the Future,1985,"Adventure,Comedy,Sci-Fi",PG,8.5,1251358,"Robert Zemeckis,Michael J. Fox,Christopher Lloyd,Lea Thompson,Crispin Glover",116
https://m.media-amazon.com/images/M/MV5BZjhkMDM4MWItZTVjOC00ZDRhLThmYTAtM2I5NzBmNmNlMzI1XkEyXkFqcGdeQXVyNDYyMDk5MTU@._V1_Ratio0.6837_AL_.jpg,Saving Private Ryan,1998,"Drama,War",R,8.6,1435948,"Steven Spielberg,Tom Hanks,Matt Damon,Tom Sizemore,Edward Burns",169
https://m.media-amazon.com/images/M/MV5BMjIyNTQ5NjQ1OV5BMl5BanBnXkFtZTcwODg1MDU4OA@@._V1_Ratio0.6837_AL_.jpg,Django Unchained,2012,"Drama,Western",R,8.5,1616299,"Quentin Tarantino,Jamie Foxx,Christoph Waltz,Leonardo DiCaprio,Kerry Washington",165
https://m.media-amazon.com/images/M/MV5BOTA5NDZlZGUtMjAxOS00YTRkLTkwYmMtYWQ0NWEwZDZiNjEzXkEyXkFqcGdeQXVyMTMxODk2OTU@._V1_Ratio0.6837_AL_.jpg,Whiplash,2014,"Drama,Music",R,8.5,917918,"Damien Chazelle,Miles Teller,J.K. Simmons,Melissa Benoist,Paul Reiser",106
https://m.media-amazon.com/images/M/MV5BOGJkY2EyOWYtYWRmNy00ZTEzLTllMDAtYzYzYjA0ZjFhZWJjXkEyXkFqcGdeQXVyMTUzMDUzNTI3._V1_Ratio0.6837_AL_.jpg,Aliens,1986,"Action,Adventure,Sci-Fi",R,8.4,737804,"James Cameron,Sigourney Weaver,Michael Biehn,Carrie Henn,Paul Reiser",137
https://m.media-amazon.com/images/M/MV5BMmNlYzRiNDctZWNhMi00MzI4LThkZTctMTUzMmZkMmFmNThmXkEyXkFqcGdeQXVyNzkwMjQ5NzM@._V1_Ratio0.6837_AL_.jpg,2001: A Space Odyssey,1968,"Adventure,Sci-Fi",G,8.3,691127,"Stanley Kubrick,Keir Dullea,Gary Lockwood,William Sylvester,Daniel Richter",149
https://m.media-amazon.com/images/M/MV5BN2EwM2I5OWMtMGQyMi00Zjg1LWJkNTctZTdjYTA4OGUwZjMyXkEyXkFqcGdeQXVyMTMxODk2OTU@._V1_Ratio0.6837_AL_.jpg,Mad Max: Fury Road,2015,"Action,Adventure,Sci-Fi",R,8.1,1038760,"George Miller,Tom Hardy,Charlize Theron,Nicholas Hoult,Zoë Kravitz",120
https://m.media-amazon.com/images/M/MV5BZTcyNjk1MjgtOWI3Mi00YzQwLWI5MTktMzY4ZmI2NDAyNzYzXkEyXkFqcGdeQXVyNjU0OTQ0OTY@._V1_Ratio0.6837_AL_.jpg,Memento,2000,"Mystery,Thriller",R,8.4,1273969,"Christopher Nolan,Guy Pearce,Carrie-Anne Moss,Joe Pantoliano,Mark Boone Junior",113
https://m.media-amazon.com/images/M/MV5BOTI0MzcxMTYtZDVkMy00NjY1LTgyMTYtZmUxN2M3NmQ2NWJhXkEyXkFqcGdeQXVyMTQxNzMzNDI@._V1_Ratio0.6837_AL_.jpg,Good Will Hunting,1997,"Drama,Romance",R,8.3,1012912,"Gus Van Sant,Robin Williams,Matt Damon,Ben Affleck,Stellan Skarsgård",126
https://m.media-amazon.com/images/M/MV5BZWFlYmY2MGEtZjVkYS00YzU4LTg0YjQtYzY1ZGE3NTA5NGQxXkEyXkFqcGdeQXVyMTQxNzMzNDI@._V1_Ratio0.6837_AL_.jpg,The Shining,1980,"Drama,Horror",R,8.4,1058700,"Stanley Kubrick,Jack Nicholson,Shelley Duvall,Danny Lloyd,Scatman Crothers",146
https://m.media-amazon.com/images/M/MV5BOTgyMWQ0ZWUtN2Q2MS00NmY0LWI3OWMtNjFkMzZlNDZjNTk0XkEyXkFqcGdeQXVyMjUzOTY1NTc@._V1_Ratio0.6837_AL_.jpg,Léon: The Professional,1994,"Action,Crime,Drama",R,8.5,1198977,"Luc Besson,Jean Reno,Gary Oldman,Natalie Portman,Danny Aiello",110
https://m.media-amazon.com/images/M/MV5BYzhiNDkyNzktNTZmYS00ZTBkLTk2MDAtM2U0YjU1MzgxZjgzXkEyXkFqcGdeQXVyMTMxODk2OTU@._V1_Ratio0.6837_AL_.jpg,Shutter Island,2010,"Mystery,Thriller",R,8.2,1377236,"Martin Scorsese,Leonardo DiCaprio,Emily Mortimer,Mark Ruffalo,Ben Kingsley",138
https://m.media-amazon.com/images/M/MV5BMGVmMWNiMDktYjQ0Mi00MWIxLTk0N2UtN2ZlYTdkN2IzNDNlXkEyXkFqcGdeQXVyODE5NzE3OTE@._V1_Ratio0.6837_AL_.jpg,Harry Potter and the Deathly Hallows: Part 2,2011,"Adventure,Family,Fantasy",PG-13,8.1,908674,"David Yates,Daniel Radcliffe,Emma Watson,Rupert Grint,Michael Gambon",130
https://m.media-amazon.com/images/M/MV5BYmQyNTA1ZGItNjZjMi00NzFlLWEzMWEtNWMwN2Q2MjJhYzEyXkEyXkFqcGdeQXVyMjUzOTY1NTc@._V1_Ratio0.6837_AL_.jpg,Apocalypse Now,1979,"Drama,Mystery,War",R,8.4,686818,"Francis Ford Coppola,Martin Sheen,Marlon Brando,Robert Duvall,Frederic Forrest",147
https://m.media-amazon.com/images/M/MV5BMzM5NjUxOTEyMl5BMl5BanBnXkFtZTgwNjEyMDM0MDE@._V1_Ratio0.6837_AL_.jpg,The Grand Budapest Hotel,2014,"Adventure,Comedy,Crime",R,8.1,848522,"Wes Anderson,Ralph Fiennes,F. Murray Abraham,Mathieu Amalric,Adrien Brody",99
https://m.media-amazon.com/images/M/MV5BYTViNzMxZjEtZGEwNy00MDNiLWIzNGQtZDY2MjQ1OWViZjFmXkEyXkFqcGdeQXVyNzkwMjQ5NzM@._V1_Ratio0.6837_AL_.jpg,The Terminator,1984,"Action,Sci-Fi",R,8.1,892943,"James Cameron,Arnold Schwarzenegger,Linda Hamilton,Michael Biehn,Paul Winfield",107
https://m.media-amazon.com/images/M/MV5BZTJhN2FkYWEtMGI0My00YWM4LWI2MjAtM2UwNjY4MTI2ZTQyXkEyXkFqcGdeQXVyNjc3MjQzNTI@._V1_Ratio0.6837_AL_.jpg,American History X,1998,"Crime,Drama",R,8.5,1150388,"Tony Kaye,Edward Norton,Edward Furlong,Beverly D'Angelo,Jennifer Lien",119
https://m.media-amazon.com/images/M/MV5BMTUxMzQyNjA5MF5BMl5BanBnXkFtZTYwOTU2NTY3._V1_Ratio0.6837_AL_.jpg,The Green Mile,1999,"Crime,Drama,Fantasy",R,8.6,1347608,"Frank Darabont,Tom Hanks,Michael Clarke Duncan,David Morse,Bonnie Hunt",189
https://m.media-amazon.com/images/M/MV5BNzA5ZDNlZWMtM2NhNS00NDJjLTk4NDItYTRmY2EwMWZlMTY3XkEyXkFqcGdeQXVyNzkwMjQ5NzM@._V1_Ratio0.6837_AL_.jpg,The Lord of the Rings: The Return of the King,2003,"Action,Adventure,Drama",PG-13,9,1901422,"Peter Jackson,Elijah Wood,Viggo Mortensen,Ian McKellen,Orlando Bloom",201
https://m.media-amazon.com/images/M/MV5BNzQzMzJhZTEtOWM4NS00MTdhLTg0YjgtMjM4MDRkZjUwZDBlXkEyXkFqcGdeQXVyNjU0OTQ0OTY@._V1_Ratio0.6837_AL_.jpg,Blade Runner,1982,"Action,Drama,Sci-Fi",R,8.1,794177,"Ridley Scott,Harrison Ford,Rutger Hauer,Sean Young,Edward James Olmos",117
https://m.media-amazon.com/images/M/MV5BMWMwMGQzZTItY2JlNC00OWZiLWIyMDctNDk2ZDQ2YjRjMWQ0XkEyXkFqcGdeQXVyNzkwMjQ5NzM@._V1_Ratio0.7041_AL_.jpg,The Godfather Part II,1974,"Crime,Drama",R,9,1312408,"Francis Ford Coppola,Al Pacino,Robert De Niro,Robert Duvall,Diane Keaton",202
https://m.media-amazon.com/images/M/MV5BM2UwMDVmMDItM2I2Yi00NGZmLTk4ZTUtY2JjNTQ3OGQ5ZjM2XkEyXkFqcGdeQXVyMTA1OTYzOTUx._V1_Ratio0.6837_AL_.jpg,Ford v Ferrari,2019,"Action,Biography,Drama",PG-13,8.1,427522,"James Mangold,Matt Damon,Christian Bale,Jon Bernthal,Caitríona Balfe",152
https://m.media-amazon.com/images/M/MV5BMjAxODQ4MDU5NV5BMl5BanBnXkFtZTcwMDU4MjU1MQ@@._V1_Ratio0.6837_AL_.jpg,There Will Be Blood,2007,Drama,R,8.2,610833,"Paul Thomas Anderson,Daniel Day-Lewis,Paul Dano,Ciarán Hinds,Martin Stringer",158
https://m.media-amazon.com/images/M/MV5BY2Q0ODg4ZmItNDZiYi00ZWY5LTg2NzctNmYwZjA5OThmNzE1XkEyXkFqcGdeQXVyMjM4MzQ4OTQ@._V1_Ratio0.6837_AL_.jpg,Indiana Jones and the Last Crusade,1989,"Action,Adventure",PG-13,8.2,785312,"Steven Spielberg,Harrison Ford,Sean Connery,Alison Doody,Denholm Elliott",127
https://m.media-amazon.com/images/M/MV5BMWU4N2FjNzYtNTVkNC00NzQ0LTg0MjAtYTJlMjFhNGUxZDFmXkEyXkFqcGdeQXVyNjc1NTYyMjg@._V1_Ratio0.6837_AL_.jpg,12 Angry Men,1957,"Crime,Drama",Approved,9,822288,"Sidney Lumet,Henry Fonda,Lee J. Cobb,Martin Balsam,John Fiedler",96
https://m.media-amazon.com/images/M/MV5BOTA5NjhiOTAtZWM0ZC00MWNhLThiMzEtZDFkOTk2OTU1ZDJkXkEyXkFqcGdeQXVyMTA4NDI1NTQx._V1_Ratio0.6837_AL_.jpg,Star Wars: Episode IV - A New Hope,1977,"Action,Adventure,Fantasy",PG,8.6,1403619,"George Lucas,Mark Hamill,Harrison Ford,Carrie Fisher,Alec Guinness",121
https://m.media-amazon.com/images/M/MV5BMTY5MzYzNjc5NV5BMl5BanBnXkFtZTYwNTUyNTc2._V1_Ratio0.6837_AL_.jpg,Catch Me If You Can,2002,"Biography,Crime,Drama",PG-13,8.1,1034205,"Steven Spielberg,Leonardo DiCaprio,Tom Hanks,Christopher Walken,Martin Sheen",141
https://m.media-amazon.com/images/M/MV5BMzkzMmU0YTYtOWM3My00YzBmLWI0YzctOGYyNTkwMWE5MTJkXkEyXkFqcGdeQXVyNzkwMjQ5NzM@._V1_Ratio0.6837_AL_.jpg,Braveheart,1995,"Biography,Drama,History",R,8.3,1061668,"Mel Gibson,Sophie Marceau,Patrick McGoohan,Angus Macfadyen",178
https://m.media-amazon.com/images/M/MV5BMTg2NDg3ODg4NF5BMl5BanBnXkFtZTcwNzk3NTc3Nw@@._V1_Ratio0.7041_AL_.jpg,The Hunt,2012,Drama,R,8.3,345186,"Thomas Vinterberg,Mads Mikkelsen,Thomas Bo Larsen,Annika Wedderkopp,Lasse Fogelstrøm",115
https://m.media-amazon.com/images/M/MV5BMGU2NzRmZjUtOGUxYS00ZjdjLWEwZWItY2NlM2JhNjkxNTFmXkEyXkFqcGdeQXVyNjU0OTQ0OTY@._V1_Ratio0.6837_AL_.jpg,Terminator 2: Judgment Day,1991,"Action,Sci-Fi",R,8.6,1132492,"James Cameron,Arnold Schwarzenegger,Linda Hamilton,Edward Furlong,Robert Patrick",137
https://m.media-amazon.com/images/M/MV5BMDIzODcyY2EtMmY2MC00ZWVlLTgwMzAtMjQwOWUyNmJjNTYyXkEyXkFqcGdeQXVyNDk3NzU2MTQ@._V1_Ratio0.6837_AL_.jpg,The Truman Show,1998,"Comedy,Drama",PG,8.2,1130277,"Peter Weir,Jim Carrey,Ed Harris,Laura Linney,Noah Emmerich",103
https://m.media-amazon.com/images/M/MV5BNzM3NDFhYTAtYmU5Mi00NGRmLTljYjgtMDkyODQ4MjNkMGY2XkEyXkFqcGdeQXVyNzkwMjQ5NzM@._V1_Ratio0.6837_AL_.jpg,Kill Bill: Vol. 1,2003,"Action,Crime,Thriller",R,8.2,1148975,"Quentin Tarantino,Uma Thurman,David Carradine,Daryl Hannah,Michael Madsen",111
https://m.media-amazon.com/images/M/MV5BYTYxNGMyZTYtMjE3MS00MzNjLWFjNmYtMDk3N2FmM2JiM2M1XkEyXkFqcGdeQXVyNjY5NDU4NzI@._V1_Ratio0.6837_AL_.jpg,The Lion King,1994,"Animation,Adventure,Drama",G,8.5,1095437,"Roger Allers,Rob Minkoff,Matthew Broderick,Jeremy Irons,James Earl Jones,Whoopi Goldberg",88
https://m.media-amazon.com/images/M/MV5BMTY4NzcwODg3Nl5BMl5BanBnXkFtZTcwNTEwOTMyMw@@._V1_Ratio0.6837_AL_.jpg,Eternal Sunshine of the Spotless Mind,2004,"Drama,Romance,Sci-Fi",R,8.3,1038473,"Michel Gondry,Jim Carrey,Kate Winslet,Tom Wilkinson,Gerry Robert Byrne",108
https://m.media-amazon.com/images/M/MV5BNjdjNGQ4NDEtNTEwYS00MTgxLTliYzQtYzE2ZDRiZjFhZmNlXkEyXkFqcGdeQXVyNjU0OTQ0OTY@._V1_Ratio0.6837_AL_.jpg,Scarface,1983,"Crime,Drama",18+,8.3,874884,"Brian De Palma,Al Pacino,Michelle Pfeiffer,Steven Bauer,Mary Elizabeth Mastrantonio",170
https://m.media-amazon.com/images/M/MV5BZjA0OWVhOTAtYWQxNi00YzNhLWI4ZjYtNjFjZTEyYjJlNDVlL2ltYWdlL2ltYWdlXkEyXkFqcGdeQXVyMTQxNzMzNDI@._V1_Ratio0.6837_AL_.jpg,One Flew Over the Cuckoo's Nest,1975,Drama,R,8.7,1035853,"Milos Forman,Jack Nicholson,Louise Fletcher,Michael Berryman,Peter Brocco",133
https://m.media-amazon.com/images/M/MV5BNGViZWZmM2EtNGYzZi00ZDAyLTk3ODMtNzIyZTBjN2Y1NmM1XkEyXkFqcGdeQXVyNTAyODkwOQ@@._V1_Ratio0.6837_AL_.jpg,The Thing,1982,"Horror,Mystery,Sci-Fi",16+,8.2,442968,"John Carpenter,Kurt Russell,Wilford Brimley,Keith David,Richard Masur",109
https://m.media-amazon.com/images/M/MV5BYTViNjMyNmUtNDFkNC00ZDRlLThmMDUtZDU2YWE4NGI2ZjVmXkEyXkFqcGdeQXVyNjU0OTQ0OTY@._V1_Ratio0.6837_AL_.jpg,The Usual Suspects,1995,"Crime,Drama,Mystery",R,8.5,1111261,"Bryan Singer,Kevin Spacey,Gabriel Byrne,Chazz Palminteri,Stephen Baldwin",106
https://m.media-amazon.com/images/M/MV5BNDJiZDgyZjctYmRjMS00ZjdkLTkwMTEtNGU1NDg3NDQ0Yzk1XkEyXkFqcGdeQXVyNzkwMjQ5NzM@._V1_Ratio0.6837_AL_.jpg,Fargo,1996,"Crime,Thriller",R,8.1,697262,"Joel Coen,Ethan Coen,William H. Macy,Frances McDormand,Steve Buscemi,Peter Stormare",98
https://m.media-amazon.com/images/M/MV5BOWRiZDIxZjktMTA1NC00MDQ2LWEzMjUtMTliZmY3NjQ3ODJiXkEyXkFqcGdeQXVyNjU0OTQ0OTY@._V1_Ratio0.7245_AL_.jpg,The Pianist,2002,"Biography,Drama,Music",R,8.5,865519,"Roman Polanski,Adrien Brody,Thomas Kretschmann,Frank Finlay,Emilia Fox",150
https://m.media-amazon.com/images/M/MV5BMzliZDk0NjctNjhlOC00MWEyLWI3OWYtNjA5ZDYxMTMzNTc5XkEyXkFqcGdeQXVyNTAyODkwOQ@@._V1_Ratio0.6837_AL_.jpg,The Big Lebowski,1998,"Comedy,Crime",R,8.1,832491,"Joel Coen,Ethan Coen,Jeff Bridges,John Goodman,Julianne Moore,Steve Buscemi",117
https://m.media-amazon.com/images/M/MV5BMTY3MjM1Mzc4N15BMl5BanBnXkFtZTgwODM0NzAxMDE@._V1_Ratio0.6837_AL_.jpg,A Clockwork Orange,1971,"Crime,Sci-Fi",R,8.3,853540,"Stanley Kubrick,Malcolm McDowell,Patrick Magee,Michael Bates,Warren Clarke",136
https://m.media-amazon.com/images/M/MV5BMTA2NDYxOGYtYjU1Mi00Y2QzLTgxMTQtMWI1MGI0ZGQ5MmU4XkEyXkFqcGdeQXVyNDk3NzU2MTQ@._V1_Ratio0.6837_AL_.jpg,Snatch,2000,"Comedy,Crime",R,8.2,879793,"Guy Ritchie,Jason Statham,Brad Pitt,Stephen Graham,Vinnie Jones",102
https://m.media-amazon.com/images/M/MV5BMjMxNjY2MDU1OV5BMl5BanBnXkFtZTgwNzY1MTUwNTM@._V1_Ratio0.6837_AL_.jpg,Avengers: Infinity War,2018,"Action,Adventure,Sci-Fi",PG-13,8.4,1139540,"Anthony Russo,Joe Russo,Robert Downey Jr.,Chris Hemsworth,Mark Ruffalo,Chris Evans",149
https://m.media-amazon.com/images/M/MV5BNzkxODk0NjEtYjc4Mi00ZDI0LTgyYjEtYzc1NDkxY2YzYTgyXkEyXkFqcGdeQXVyNzkwMjQ5NzM@._V1_Ratio0.6837_AL_.jpg,Full Metal Jacket,1987,"Drama,War",R,8.3,764276,"Stanley Kubrick,Matthew Modine,R. Lee Ermey,Vincent D'Onofrio,Adam Baldwin",116
https://m.media-amazon.com/images/M/MV5BZDdiZTAwYzAtMDI3Ni00OTRjLTkzN2UtMGE3MDMyZmU4NTU4XkEyXkFqcGdeQXVyNjU0OTQ0OTY@._V1_Ratio0.6837_AL_.jpg,Before Sunrise,1995,"Drama,Romance",R,8.1,323782,"Richard Linklater,Ethan Hawke,Julie Delpy,Andrea Eckert,Hanno Pöschl",101
https://m.media-amazon.com/images/M/MV5BZmExNmEwYWItYmQzOS00YjA5LTk2MjktZjEyZDE1Y2QxNjA1XkEyXkFqcGdeQXVyMTQxNzMzNDI@._V1_Ratio0.6837_AL_.jpg,Reservoir Dogs,1992,"Crime,Thriller",R,8.3,1050709,"Quentin Tarantino,Harvey Keitel,Tim Roth,Michael Madsen,Chris Penn",99
https://m.media-amazon.com/images/M/MV5BMTMzODU0NTkxMF5BMl5BanBnXkFtZTcwMjQ4MzMzMw@@._V1_Ratio0.6837_AL_.jpg,Ratatouille,2007,"Animation,Adventure,Comedy",G,8.1,777108,"Brad Bird,Jan Pinkava,Brad Garrett,Lou Romano,Patton Oswalt,Ian Holm",111
https://m.media-amazon.com/images/M/MV5BMTM5OTMyMjIxOV5BMl5BanBnXkFtZTcwNzU4MjIwNQ@@._V1_Ratio0.6837_AL_.jpg,The Help,2011,Drama,PG-13,8.1,475841,"Tate Taylor,Viola Davis,Emma Stone,Octavia Spencer,Bryce Dallas Howard",146
https://m.media-amazon.com/images/M/MV5BNjJlYmNkZGItM2NhYy00MjlmLTk5NmQtNjg1NmM2ODU4OTMwXkEyXkFqcGdeQXVyMjUzOTY1NTc@._V1_Ratio0.6837_AL_.jpg,"The Good, the Bad and the Ugly",1966,"Adventure,Western",Approved,8.8,783181,"Sergio Leone,Clint Eastwood,Eli Wallach,Lee Van Cleef,Aldo Giuffrè",178
https://m.media-amazon.com/images/M/MV5BNTQwNDM1YzItNDAxZC00NWY2LTk0M2UtNDIwNWI5OGUyNWUxXkEyXkFqcGdeQXVyNzkwMjQ5NzM@._V1_Ratio0.6837_AL_.jpg,Psycho,1960,"Horror,Mystery,Thriller",R,8.5,692911,"Alfred Hitchcock,Anthony Perkins,Janet Leigh,Vera Miles,John Gavin",109
https://m.media-amazon.com/images/M/MV5BYzIzYmJlYTYtNGNiYy00N2EwLTk4ZjItMGYyZTJiOTVkM2RlXkEyXkFqcGdeQXVyODY1NDk1NjE@._V1_Ratio0.6837_AL_.jpg,Green Book,2018,"Biography,Comedy,Drama",PG-13,8.2,526948,"Peter Farrelly,Viggo Mortensen,Mahershala Ali,Linda Cardellini,Sebastian Maniscalco",130
https://m.media-amazon.com/images/M/MV5BMTcxOWYzNDYtYmM4YS00N2NkLTk0NTAtNjg1ODgwZjAxYzI3XkEyXkFqcGdeQXVyNTA4NzY1MzY@._V1_Ratio0.6837_AL_.jpg,Casino,1995,"Crime,Drama",R,8.2,539896,"Martin Scorsese,Robert De Niro,Sharon Stone,Joe Pesci,James Woods",178
https://m.media-amazon.com/images/M/MV5BOTI5ODc3NzExNV5BMl5BanBnXkFtZTcwNzYxNzQzMw@@._V1_Ratio0.6837_AL_.jpg,V for Vendetta,2005,"Action,Drama,Sci-Fi",R,8.2,1146967,"James McTeigue,Hugo Weaving,Natalie Portman,Rupert Graves,Stephen Rea",132
https://m.media-amazon.com/images/M/MV5BZGMxZTdjZmYtMmE2Ni00ZTdkLWI5NTgtNjlmMjBiNzU2MmI5XkEyXkFqcGdeQXVyNjU0OTQ0OTY@._V1_Ratio0.6837_AL_.jpg,The Lord of the Rings: The Two Towers,2002,"Action,Adventure,Drama",PG-13,8.8,1715871,"Peter Jackson,Elijah Wood,Ian McKellen,Viggo Mortensen,Orlando Bloom",179
https://m.media-amazon.com/images/M/MV5BOTdmNTFjNDEtNzg0My00ZjkxLTg1ZDAtZTdkMDc2ZmFiNWQ1XkEyXkFqcGdeQXVyNTAzNzgwNTg@._V1_Ratio0.6837_AL_.jpg,1917,2019,"Action,Drama,War",R,8.2,631143,"Sam Mendes,Dean-Charles Chapman,George MacKay,Daniel Mays,Colin Firth",119
https://m.media-amazon.com/images/M/MV5BNzAyOGIxYjAtMGY2NC00ZTgyLWIwMWEtYzY0OWQ4NDFjOTc5XkEyXkFqcGdeQXVyNjU0OTQ0OTY@._V1_Ratio0.6837_AL_.jpg,Some Like It Hot,1959,"Comedy,Music,Romance",Passed,8.2,274928,"Billy Wilder,Marilyn Monroe,Tony Curtis,Jack Lemmon,George Raft",121
https://m.media-amazon.com/images/M/MV5BMDU2ZWJlMjktMTRhMy00ZTA5LWEzNDgtYmNmZTEwZTViZWJkXkEyXkFqcGdeQXVyNDQ2OTk4MzI@._V1_Ratio0.6837_AL_.jpg,Toy Story,1995,"Animation,Adventure,Comedy",G,8.3,1027841,"John Lasseter,Tom Hanks,Tim Allen,Don Rickles,Jim Varney",81
https://m.media-amazon.com/images/M/MV5BMWM4NTFhYjctNzUyNi00NGMwLTk3NTYtMDIyNTZmMzRlYmQyXkEyXkFqcGdeQXVyMTAwMzUyOTc@._V1_Ratio0.6837_AL_.jpg,The Sixth Sense,1999,"Drama,Mystery,Thriller",PG-13,8.2,1017352,"M. Night Shyamalan,Bruce Willis,Haley Joel Osment,Toni Collette,Olivia Williams",107
https://m.media-amazon.com/images/M/MV5BMmQzZjdmZDAtOGE2Yy00MmUwLTljYzgtZTMwMjk3ZDdiOWUyXkEyXkFqcGdeQXVyNjc5NjEzNA@@._V1_Ratio0.6837_AL_.jpg,Once Upon a Time in America,1984,"Crime,Drama",R,8.3,363316,"Sergio Leone,Robert De Niro,James Woods,Elizabeth McGovern,Treat Williams",229
https://m.media-amazon.com/images/M/MV5BMjIyOTM5OTIzNV5BMl5BanBnXkFtZTgwMDkzODE2NjE@._V1_Ratio0.6837_AL_.jpg,Spotlight,2015,"Biography,Crime,Drama",R,8.1,485645,"Tom McCarthy,Mark Ruffalo,Michael Keaton,Rachel McAdams,Liev Schreiber",129
https://m.media-amazon.com/images/M/MV5BOGYwYWNjMzgtNGU4ZC00NWQ2LWEwZjUtMzE1Zjc3NjY3YTU1XkEyXkFqcGdeQXVyMTQxNzMzNDI@._V1_Ratio0.6837_AL_.jpg,Dead Poets Society,1989,"Comedy,Drama",PG,8.1,515564,"Peter Weir,Robin Williams,Robert Sean Leonard,Ethan Hawke,Josh Charles",128
https://m.media-amazon.com/images/M/MV5BY2IzZGY2YmEtYzljNS00NTM5LTgwMzUtMzM1NjQ4NGI0OTk0XkEyXkFqcGdeQXVyNDYyMDk5MTU@._V1_Ratio0.6837_AL_.jpg,Casablanca,1942,"Drama,Romance,War",PG,8.5,587789,"Michael Curtiz,Humphrey Bogart,Ingrid Bergman,Paul Henreid,Claude Rains",102
https://m.media-amazon.com/images/M/MV5BMTY5OTU0OTc2NV5BMl5BanBnXkFtZTcwMzU4MDcyMQ@@._V1_Ratio0.6837_AL_.jpg,The Incredibles,2004,"Animation,Action,Adventure",PG,8,770535,"Brad Bird,Craig T. Nelson,Samuel L. Jackson,Holly Hunter,Jason Lee",115
https://m.media-amazon.com/images/M/MV5BNTBkMjg2MjYtYTZjOS00ODQ0LTg0MDEtM2FiNmJmOGU1NGEwXkEyXkFqcGdeQXVyMjUzOTY1NTc@._V1_Ratio0.6837_AL_.jpg,Rocky,1976,"Drama,Sport",PG,8.1,604124,"John G. Avildsen,Sylvester Stallone,Talia Shire,Burt Young,Carl Weathers",120
https://m.media-amazon.com/images/M/MV5BNjUyMTc4MDExMV5BMl5BanBnXkFtZTgwNDg0NDIwMjE@._V1_Ratio0.6837_AL_.jpg,The Wizard of Oz,1939,"Adventure,Family,Fantasy",PG,8.1,413509,"Victor Fleming,George Cukor,Mervyn LeRoy,Norman Taurog,Richard Thorpe,King Vidor,Judy Garland,Frank Morgan,Ray Bolger,Bert Lahr",102
https://m.media-amazon.com/images/M/MV5BNjQ0ODlhMWUtNmUwMS00YjExLWI4MjQtNjVmMmE2Y2E0MGRmXkEyXkFqcGdeQXVyNDk3NzU2MTQ@._V1_Ratio0.6837_AL_.jpg,Into the Wild,2007,"Adventure,Biography,Drama",R,8.1,638831,"Sean Penn,Emile Hirsch,Vince Vaughn,Catherine Keener,Marcia Gay Harden",148
https://m.media-amazon.com/images/M/MV5BZjRlNDUxZjAtOGQ4OC00OTNlLTgxNmQtYTBmMDgwZmNmNjkxXkEyXkFqcGdeQXVyNzkwMjQ5NzM@._V1_Ratio0.6837_AL_.jpg,Die Hard,1988,"Action,Thriller",R,8.2,907010,"John McTiernan,Bruce Willis,Alan Rickman,Bonnie Bedelia,Reginald VelJohnson",132
https://m.media-amazon.com/images/M/MV5BOGViNTg4YTktYTQ2Ni00MTU0LTk2NWUtMTI4OTc1YTM0NzQ2XkEyXkFqcGdeQXVyMDM2NDM2MQ@@._V1_Ratio0.6837_AL_.jpg,Memories of Murder,2003,"Crime,Drama,Mystery",Not Rated,8.1,199194,"Bong Joon Ho,Song Kang-ho,Kim Sang-kyung,Roe-ha Kim,Jae-ho Song",132
https://m.media-amazon.com/images/M/MV5BMjI0ODcxNzM1N15BMl5BanBnXkFtZTgwMzIwMTEwNDI@._V1_Ratio0.6837_AL_.jpg,"Three Billboards Outside Ebbing, Missouri",2017,"Comedy,Crime,Drama",R,8.1,530728,"Martin McDonagh,Frances McDormand,Woody Harrelson,Sam Rockwell,Caleb Landry Jones",115
https://m.media-amazon.com/images/M/MV5BNDg4NjM1YjMtYmNhZC00MjM0LWFiZmYtNGY1YjA3MzZmODc5XkEyXkFqcGdeQXVyNDk3NzU2MTQ@._V1_Ratio0.6837_AL_.jpg,Amélie,2001,"Comedy,Romance",R,8.3,773614,"Jean-Pierre Jeunet,Audrey Tautou,Mathieu Kassovitz,Rufus,Lorella Cravotta",122
https://m.media-amazon.com/images/M/MV5BYmJmM2Q4NmMtYThmNC00ZjRlLWEyZmItZTIwOTBlZDQ3NTQ1XkEyXkFqcGdeQXVyMTQxNzMzNDI@._V1_Ratio0.6837_AL_.jpg,Life Is Beautiful,1997,"Comedy,Drama,Romance",PG-13,8.6,716424,"Roberto Benigni,Nicoletta Braschi,Giorgio Cantarini,Giustino Durano",116
https://m.media-amazon.com/images/M/MV5BMzA5Zjc3ZTMtMmU5YS00YTMwLWI4MWUtYTU0YTVmNjVmODZhXkEyXkFqcGdeQXVyNjU0OTQ0OTY@._V1_Ratio0.6837_AL_.jpg,Trainspotting,1996,Drama,R,8.1,705019,"Danny Boyle,Ewan McGregor,Ewen Bremner,Jonny Lee Miller,Kevin McKidd",93
https://m.media-amazon.com/images/M/MV5BYjQ5NjM0Y2YtNjZkNC00ZDhkLWJjMWItN2QyNzFkMDE3ZjAxXkEyXkFqcGdeQXVyODIxMzk5NjA@._V1_Ratio0.7041_AL_.jpg,Coco,2017,"Animation,Adventure,Drama",PG,8.4,544499,"Lee Unkrich,Adrian Molina,Anthony Gonzalez,Gael García Bernal,Benjamin Bratt,Alanna Ubach",105
https://m.media-amazon.com/images/M/MV5BMzcwYWFkYzktZjAzNC00OGY1LWI4YTgtNzc5MzVjMDVmNjY0XkEyXkFqcGdeQXVyMTQxNzMzNDI@._V1_Ratio0.6837_AL_.jpg,A Beautiful Mind,2001,"Biography,Drama",PG-13,8.2,956258,"Ron Howard,Russell Crowe,Ed Harris,Jennifer Connelly,Christopher Plummer",135
https://m.media-amazon.com/images/M/MV5BNjViNWRjYWEtZTI0NC00N2E3LTk0NGQtMjY4NTM3OGNkZjY0XkEyXkFqcGdeQXVyMjUxMTY3ODM@._V1_Ratio0.6837_AL_.jpg,Hamilton,2020,"Biography,Drama,History",PG-13,8.3,103778,"Thomas Kail,Lin-Manuel Miranda,Phillipa Soo,Leslie Odom Jr.,Renée Elise Goldsberry",160
https://m.media-amazon.com/images/M/MV5BOWEwODJmZDItYTNmZC00OGM4LThlNDktOTQzZjIzMGQxODA4XkEyXkFqcGdeQXVyNjU0OTQ0OTY@._V1_Ratio0.6837_AL_.jpg,Rush,2013,"Action,Biography,Drama",R,8.1,494992,"Ron Howard,Daniel Brühl,Chris Hemsworth,Olivia Wilde,Alexandra Maria Lara",123
https://m.media-amazon.com/images/M/MV5BMTYxNDA3MDQwNl5BMl5BanBnXkFtZTcwNTU4Mzc1Nw@@._V1_Ratio0.6837_AL_.jpg,The Intouchables,2011,"Biography,Comedy,Drama",R,8.5,889142,"Olivier Nakache,Éric Toledano,François Cluzet,Omar Sy,Anne Le Ny,Audrey Fleurot",112
https://m.media-amazon.com/images/M/MV5BOTgxMDQwMDk0OF5BMl5BanBnXkFtZTgwNjU5OTg2NDE@._V1_Ratio0.6837_AL_.jpg,Inside Out,2015,"Animation,Adventure,Comedy",PG,8.1,745288,"Pete Docter,Ronnie Del Carmen,Amy Poehler,Bill Hader,Lewis Black,Mindy Kaling",95
https://m.media-amazon.com/images/M/MV5BMzRjZjdlMjQtODVkYS00N2YzLWJlYWYtMGVlN2E5MWEwMWQzXkEyXkFqcGdeQXVyMTQxNzMzNDI@._V1_Ratio0.6837_AL_.jpg,Platoon,1986,"Drama,War",R,8.1,425850,"Oliver Stone,Charlie Sheen,Tom Berenger,Willem Dafoe,Keith David",120
https://m.media-amazon.com/images/M/MV5BYjBkM2RjMzItM2M3Ni00N2NjLWE3NzMtMGY4MzE4MDAzMTRiXkEyXkFqcGdeQXVyNDUzOTQ5MjY@._V1_Ratio0.6837_AL_.jpg,Up,2009,"Animation,Adventure,Comedy",PG,8.3,1080022,"Pete Docter,Bob Peterson,Edward Asner,Jordan Nagai,John Ratzenberger,Christopher Plummer",96
https://m.media-amazon.com/images/M/MV5BOWZlMjFiYzgtMTUzNC00Y2IzLTk1NTMtZmNhMTczNTk0ODk1XkEyXkFqcGdeQXVyNTAyODkwOQ@@._V1_Ratio0.6837_AL_.jpg,Star Wars: Episode VI - Return of the Jedi,1983,"Action,Adventure,Fantasy",PG,8.3,1085447,"Richard Marquand,Mark Hamill,Harrison Ford,Carrie Fisher,Billy Dee Williams",131
https://m.media-amazon.com/images/M/MV5BZmYxZjg3OWEtNzg5Yi00M2YzLWI1YzYtYTQ0NTgwNzhjN2E1XkEyXkFqcGdeQXVyNDUyOTg3Njg@._V1_Ratio0.6837_AL_.jpg,Finding Nemo,2003,"Animation,Adventure,Comedy",G,8.2,1075010,"Andrew Stanton,Lee Unkrich,Albert Brooks,Ellen DeGeneres,Alexander Gould,Willem Dafoe",100
https://m.media-amazon.com/images/M/MV5BODM3YWY4NmQtN2Y3Ni00OTg0LWFhZGQtZWE3ZWY4MTJlOWU4XkEyXkFqcGdeQXVyNjU0OTQ0OTY@._V1_Ratio0.6837_AL_.jpg,Unforgiven,1992,"Drama,Western",R,8.2,423582,"Clint Eastwood,Gene Hackman,Morgan Freeman,Richard Harris",130
https://m.media-amazon.com/images/M/MV5BMDQ2YzEyZGItYWRhOS00MjBmLTkzMDUtMTdjYzkyMmQxZTJlXkEyXkFqcGdeQXVyNjU0OTQ0OTY@._V1_Ratio0.6837_AL_.jpg,L.A. Confidential,1997,"Crime,Drama,Mystery",R,8.2,597068,"Curtis Hanson,Kevin Spacey,Russell Crowe,Guy Pearce,Kim Basinger",138
https://m.media-amazon.com/images/M/MV5BYmU1NDRjNDgtMzhiMi00NjZmLTg5NGItZDNiZjU5NTU4OTE0XkEyXkFqcGdeQXVyNzkwMjQ5NzM@._V1_Ratio0.6837_AL_.jpg,Star Wars: Episode V - The Empire Strikes Back,1980,"Action,Adventure,Fantasy",PG,8.7,1331434,"Irvin Kershner,Mark Hamill,Harrison Ford,Carrie Fisher,Billy Dee Williams",124
https://m.media-amazon.com/images/M/MV5BMjJkMDZhYzItZTFhMi00ZGI4LThlNTAtZDNlYmEwNjFkNDYzXkEyXkFqcGdeQXVyMjUzOTY1NTc@._V1_Ratio0.6837_AL_.jpg,Chinatown,1974,"Drama,Mystery,Thriller",R,8.2,337115,"Roman Polanski,Jack Nicholson,Faye Dunaway,John Huston,Perry Lopez",130
https://m.media-amazon.com/images/M/MV5BYzc5MTU4N2EtYTkyMi00NjdhLTg3NWEtMTY4OTEyMzJhZTAzXkEyXkFqcGdeQXVyNjc1NTYyMjg@._V1_Ratio0.6837_AL_.jpg,Logan,2017,"Action,Drama,Sci-Fi",R,8.1,795866,"James Mangold,Hugh Jackman,Patrick Stewart,Dafne Keen,Boyd Holbrook",137
https://m.media-amazon.com/images/M/MV5BMWE3MGYzZjktY2Q5Mi00Y2NiLWIyYWUtMmIyNzA3YmZlMGFhXkEyXkFqcGdeQXVyMTMxODk2OTU@._V1_Ratio0.6837_AL_.jpg,Incendies,2010,"Drama,Mystery,War",R,8.3,186475,"Denis Villeneuve,Lubna Azabal,Mélissa Désormeaux-Poulin,Maxim Gaudette,Mustafa Kamel",130
https://m.media-amazon.com/images/M/MV5BZTg5ZTVmM2EtZjdhZC00MzBjLWEwZTYtNWIwZDczYzZkMzA4XkEyXkFqcGdeQXVyMTQxNzMzNDI@._V1_Ratio0.6837_AL_.jpg,Aladdin,1992,"Animation,Adventure,Comedy",G,8,442749,"Ron Clements,John Musker,Scott Weinger,Robin Williams,Linda Larkin,Jonathan Freeman",90
https://m.media-amazon.com/images/M/MV5BYjUyZWZkM2UtMzYxYy00ZmQ3LWFmZTQtOGE2YjBkNjA3YWZlXkEyXkFqcGdeQXVyNzkwMjQ5NzM@._V1_Ratio0.6837_AL_.jpg,Gone with the Wind,1939,"Drama,Romance,War",Passed,8.2,324495,"Victor Fleming,George Cukor,Sam Wood,Clark Gable,Vivien Leigh,Thomas Mitchell,Barbara O'Neil",238
https://m.media-amazon.com/images/M/MV5BMTY1NTI0ODUyOF5BMl5BanBnXkFtZTgwNTEyNjQ0MDE@._V1_Ratio0.6837_AL_.jpg,"Monsters, Inc.",2001,"Animation,Adventure,Comedy",G,8.1,940666,"Pete Docter,David Silverman,Lee Unkrich,Billy Crystal,John Goodman,Mary Gibbs,Steve Buscemi",92
https://m.media-amazon.com/images/M/MV5BNWFhNjg3YjctMjg2Ny00YjBkLTg5M2EtMTk2MjA1NDY3NzQ2XkEyXkFqcGdeQXVyMTA0MTM5NjI2._V1_Ratio0.6837_AL_.jpg,The Sound of Music,1965,"Biography,Drama,Family",G,8.1,246865,"Robert Wise,Julie Andrews,Christopher Plummer,Eleanor Parker,Richard Haydn",172
https://m.media-amazon.com/images/M/MV5BMjE4NzgzNzEwMl5BMl5BanBnXkFtZTgwMTMzMDE0NjE@._V1_Ratio0.6837_AL_.jpg,Room,2015,"Drama,Thriller",R,8.1,434949,"Lenny Abrahamson,Brie Larson,Jacob Tremblay,Sean Bridgers,Wendy Crewson",118
https://m.media-amazon.com/images/M/MV5BMTk4ODk5MTMyNV5BMl5BanBnXkFtZTcwMDMyNTg0Ng@@._V1_Ratio0.6837_AL_.jpg,Warrior,2011,"Action,Drama,Sport",PG-13,8.1,484523,"Gavin O'Connor,Tom Hardy,Nick Nolte,Joel Edgerton,Jennifer Morrison",140
https://m.media-amazon.com/images/M/MV5BMjA5NDQyMjc2NF5BMl5BanBnXkFtZTcwMjg5ODcyMw@@._V1_Ratio0.6837_AL_.jpg,How to Train Your Dragon,2010,"Animation,Action,Adventure",PG,8.1,768416,"Dean DeBlois,Chris Sanders,Jay Baruchel,Gerard Butler,Christopher Mintz-Plasse,Craig Ferguson",98
https://m.media-amazon.com/images/M/MV5BODQ3NDExOGYtMzI3Mi00NWRlLTkwNjAtNjc4MDgzZGJiZTA1XkEyXkFqcGdeQXVyMjUzOTY1NTc@._V1_Ratio0.6837_AL_.jpg,Once Upon a Time in the West,1968,Western,PG-13,8.5,339391,"Sergio Leone,Henry Fonda,Charles Bronson,Claudia Cardinale,Jason Robards",165
https://m.media-amazon.com/images/M/MV5BMjExMTg5OTU0NF5BMl5BanBnXkFtZTcwMjMxMzMzMw@@._V1_Ratio0.6837_AL_.jpg,WALL·E,2008,"Animation,Adventure,Family",G,8.4,1153673,"Andrew Stanton,Ben Burtt,Elissa Knight,Jeff Garlin,Fred Willard",98
https://m.media-amazon.com/images/M/MV5BMTAyN2JmZmEtNjAyMy00NzYwLThmY2MtYWQ3OGNhNjExMmM4XkEyXkFqcGdeQXVyNDk3NzU2MTQ@._V1_Ratio0.6837_AL_.jpg,"Lock, Stock and Two Smoking Barrels",1998,"Action,Comedy,Crime",R,8.1,598603,"Guy Ritchie,Jason Flemyng,Dexter Fletcher,Nick Moran,Jason Statham",107
https://m.media-amazon.com/images/M/MV5BMTU0NTU5NTAyMl5BMl5BanBnXkFtZTYwNzYwMDg2._V1_Ratio0.6837_AL_.jpg,Downfall,2004,"Biography,Drama,History",R,8.2,364570,"Oliver Hirschbiegel,Bruno Ganz,Alexandra Maria Lara,Ulrich Matthes,Juliane Köhler",156
https://m.media-amazon.com/images/M/MV5BNTkyOGVjMGEtNmQzZi00NzFlLTlhOWQtODYyMDc2ZGJmYzFhXkEyXkFqcGdeQXVyNjU0OTQ0OTY@._V1_Ratio0.6837_AL_.jpg,3 Idiots,2009,"Comedy,Drama",PG-13,8.4,414347,"Rajkumar Hirani,Aamir Khan,Madhavan,Mona Singh,Sharman Joshi",170
https://m.media-amazon.com/images/M/MV5BZGJhNWRiOWQtMjI4OS00ZjcxLTgwMTAtMzQ2ODkxY2JkOTVlXkEyXkFqcGdeQXVyMTkxNjUyNQ@@._V1_Ratio0.6837_AL_.jpg,The Father,2020,"Drama,Mystery",PG-13,8.2,173099,"Florian Zeller,Anthony Hopkins,Olivia Colman,Mark Gatiss,Olivia Williams",97
https://m.media-amazon.com/images/M/MV5BMWMxYjZkOWUtM2FjMi00MmI1LThkNzQtNTM5Y2E2ZGQ2NGFhXkEyXkFqcGdeQXVyMTA0MTM5NjI2._V1_Ratio0.6837_AL_.jpg,Dr. Strangelove or: How I Learned to Stop Worrying and Love the Bomb,1964,"Comedy,War",PG,8.4,503334,"Stanley Kubrick,Peter Sellers,George C. Scott,Sterling Hayden,Keenan Wynn",95
https://m.media-amazon.com/images/M/MV5BMjExMTEzODkyN15BMl5BanBnXkFtZTcwNTU4NTc4OQ@@._V1_Ratio0.6837_AL_.jpg,12 Years a Slave,2013,"Biography,Drama,History",R,8.1,720168,"Steve McQueen,Chiwetel Ejiofor,Michael Kenneth Williams,Michael Fassbender,Brad Pitt",134
https://m.media-amazon.com/images/M/MV5BNGUxYWM3M2MtMGM3Mi00ZmRiLWE0NGQtZjE5ODI2OTJhNTU0XkEyXkFqcGdeQXVyMTQxNzMzNDI@._V1_Ratio0.6837_AL_.jpg,Rear Window,1954,"Mystery,Thriller",PG,8.5,505275,"Alfred Hitchcock,James Stewart,Grace Kelly,Wendell Corey,Thelma Ritter",112
https://m.media-amazon.com/images/M/MV5BZWIxNzM5YzQtY2FmMS00Yjc3LWI1ZjUtNGVjMjMzZTIxZTIxXkEyXkFqcGdeQXVyNjU0OTQ0OTY@._V1_Ratio0.6837_AL_.jpg,Groundhog Day,1993,"Comedy,Drama,Fantasy",PG,8,656238,"Harold Ramis,Bill Murray,Andie MacDowell,Chris Elliott,Stephen Tobolowsky",101
https://m.media-amazon.com/images/M/MV5BMTgxOTY4Mjc0MF5BMl5BanBnXkFtZTcwNTA4MDQyMw@@._V1_Ratio0.7041_AL_.jpg,Toy Story 3,2010,"Animation,Adventure,Comedy",G,8.3,862487,"Lee Unkrich,Tom Hanks,Tim Allen,Joan Cusack,Ned Beatty",103
https://m.media-amazon.com/images/M/MV5BMTQ1MjAwNTM5Ml5BMl5BanBnXkFtZTYwNDM0MTc3._V1_Ratio0.6837_AL_.jpg,Before Sunset,2004,"Drama,Romance",R,8.1,276442,"Richard Linklater,Ethan Hawke,Julie Delpy,Vernon Dobtcheff,Louise Lemoine Torrès",80
https://m.media-amazon.com/images/M/MV5BYWY5ZjhjNGYtZmI2Ny00ODM0LWFkNzgtZmI1YzA2N2MxMzA0XkEyXkFqcGdeQXVyNjUwNzk3NDc@._V1_Ratio0.6837_AL_.jpg,Lawrence of Arabia,1962,"Adventure,Biography,Drama",Approved,8.3,303414,"David Lean,Peter O'Toole,Alec Guinness,Anthony Quinn,Jack Hawkins",218
https://m.media-amazon.com/images/M/MV5BNzkwODFjNzItMmMwNi00MTU5LWE2MzktM2M4ZDczZGM1MmViXkEyXkFqcGdeQXVyNDY2MTk1ODk@._V1_Ratio0.6837_AL_.jpg,The Apartment,1960,"Comedy,Drama,Romance",Approved,8.3,188247,"Billy Wilder,Jack Lemmon,Shirley MacLaine,Fred MacMurray,Ray Walston",125
https://m.media-amazon.com/images/M/MV5BYjRmODkzNDItMTNhNi00YjJlLTg0ZjAtODlhZTM0YzgzYThlXkEyXkFqcGdeQXVyNzQ1ODk3MTQ@._V1_Ratio0.6837_AL_.jpg,Raging Bull,1980,"Biography,Drama,Sport",R,8.1,365968,"Martin Scorsese,Robert De Niro,Cathy Moriarty,Joe Pesci,Frank Vincent",129
https://m.media-amazon.com/images/M/MV5BYjBiOTYxZWItMzdiZi00NjlkLWIzZTYtYmFhZjhiMTljOTdkXkEyXkFqcGdeQXVyNzkwMjQ5NzM@._V1_Ratio0.6837_AL_.jpg,Citizen Kane,1941,"Drama,Mystery",PG,8.3,453352,"Orson Welles,Joseph Cotten,Dorothy Comingore,Agnes Moorehead",119
https://m.media-amazon.com/images/M/MV5BZjc4NDZhZWMtNGEzYS00ZWU2LThlM2ItNTA0YzQ0OTExMTE2XkEyXkFqcGdeQXVyNjUwMzI2NzU@._V1_Ratio0.6837_AL_.jpg,It's a Wonderful Life,1946,"Drama,Family,Fantasy",PG,8.6,475528,"Frank Capra,James Stewart,Donna Reed,Lionel Barrymore,Thomas Mitchell",130
https://m.media-amazon.com/images/M/MV5BMTc5NTk2OTU1Nl5BMl5BanBnXkFtZTcwMDc3NjAwMg@@._V1_Ratio0.6837_AL_.jpg,Gran Torino,2008,Drama,R,8.1,793818,"Clint Eastwood,Bee Vang,Christopher Carley,Ahney Her",116
https://m.media-amazon.com/images/M/MV5BN2IyNTE4YzUtZWU0Mi00MGIwLTgyMmQtMzQ4YzQxYWNlYWE2XkEyXkFqcGdeQXVyNjU0OTQ0OTY@._V1_Ratio0.6837_AL_.jpg,Monty Python and the Holy Grail,1975,"Adventure,Comedy,Fantasy",PG,8.2,555113,"Terry Gilliam,Terry Jones,Graham Chapman,John Cleese,Eric Idle",91
https://m.media-amazon.com/images/M/MV5BYTE4ODEwZDUtNDFjOC00NjAxLWEzYTQtYTI1NGVmZmFlNjdiL2ltYWdlL2ltYWdlXkEyXkFqcGdeQXVyNjc1NTYyMjg@._V1_Ratio0.6837_AL_.jpg,Vertigo,1958,"Mystery,Romance,Thriller",PG,8.3,413567,"Alfred Hitchcock,James Stewart,Kim Novak,Barbara Bel Geddes,Tom Helmore",128
https://m.media-amazon.com/images/M/MV5BNmY0MWY2NDctZDdmMi00MjA1LTk0ZTQtZDMyZTQ1NTNlYzVjXkEyXkFqcGdeQXVyMjUzOTY1NTc@._V1_Ratio0.6837_AL_.jpg,Barry Lyndon,1975,"Adventure,Drama,War",PG,8.1,175343,"Stanley Kubrick,Ryan O'Neal,Marisa Berenson,Patrick Magee,Hardy Krüger",185
https://m.media-amazon.com/images/M/MV5BMTkxNzA1NDQxOV5BMl5BanBnXkFtZTcwNTkyMTIzMw@@._V1_Ratio0.6837_AL_.jpg,Million Dollar Baby,2004,"Drama,Sport",PG-13,8.1,703478,"Clint Eastwood,Hilary Swank,Morgan Freeman,Jay Baruchel",132
https://m.media-amazon.com/images/M/MV5BZDRjNGViMjQtOThlMi00MTA3LThkYzQtNzJkYjBkMGE0YzE1XkEyXkFqcGdeQXVyNDYyMDk5MTU@._V1_Ratio0.6837_AL_.jpg,Singin' in the Rain,1952,"Comedy,Musical,Romance",G,8.3,250952,"Stanley Donen,Gene Kelly,Donald O'Connor,Debbie Reynolds,Jean Hagen",103
https://m.media-amazon.com/images/M/MV5BMTg5YWIyMWUtZDY5My00Zjc1LTljOTctYmI0MWRmY2M2NmRkXkEyXkFqcGdeQXVyMTMxODk2OTU@._V1_Ratio0.6837_AL_.jpg,Metropolis,1927,"Drama,Sci-Fi",Not Rated,8.3,179511,"Fritz Lang,Brigitte Helm,Alfred Abel,Gustav Fröhlich,Rudolf Klein-Rogge",153
https://m.media-amazon.com/images/M/MV5BNmVmYzcwNzMtMWM1NS00MWIyLThlMDEtYzUwZDgzODE1NmE2XkEyXkFqcGdeQXVyNzkwMjQ5NzM@._V1_Ratio0.6837_AL_.jpg,To Kill a Mockingbird,1962,"Crime,Drama",Approved,8.3,324175,"Robert Mulligan,Gregory Peck,John Megna,Frank Overton,Rosemary Murphy",129
https://m.media-amazon.com/images/M/MV5BYzBjZTNkMzQtZmNkOC00Yzk0LTljMjktZjk3YWVlZjY3NTk2XkEyXkFqcGdeQXVyMTUzMDUzNTI3._V1_Ratio0.6837_AL_.jpg,The Iron Giant,1999,"Animation,Action,Adventure",PG,8.1,212706,"Brad Bird,Eli Marienthal,Harry Connick Jr.,Jennifer Aniston,Vin Diesel",86
https://m.media-amazon.com/images/M/MV5BZDA3NDExMTUtMDlhOC00MmQ5LWExZGUtYmI1NGVlZWI4OWNiXkEyXkFqcGdeQXVyNjc1NTYyMjg@._V1_Ratio0.6837_AL_.jpg,North by Northwest,1959,"Action,Adventure,Mystery",Approved,8.3,336695,"Alfred Hitchcock,Cary Grant,Eva Marie Saint,James Mason,Jessie Royce Landis",136
https://m.media-amazon.com/images/M/MV5BNzA2NmYxMWUtNzBlMC00MWM2LTkwNmQtYTFlZjQwODNhOWE0XkEyXkFqcGdeQXVyNTIzOTk5ODM@._V1_Ratio0.6837_AL_.jpg,The Great Escape,1963,"Adventure,Drama,History",Approved,8.2,251154,"John Sturges,Steve McQueen,James Garner,Richard Attenborough,Charles Bronson",172
https://m.media-amazon.com/images/M/MV5BMDVjNjIwOGItNDE3Ny00OThjLWE0NzQtZTU3YjMzZTZjMzhkXkEyXkFqcGdeQXVyMTQxNzMzNDI@._V1_Ratio0.6837_AL_.jpg,The Elephant Man,1980,"Biography,Drama",PG,8.2,249835,"David Lynch,Anthony Hopkins,John Hurt,Anne Bancroft,John Gielgud",124
https://m.media-amazon.com/images/M/MV5BMzJlZTNkYjQtMTE1OS00YTJlLTgxNjItYzg4NTllODdkMzBiXkEyXkFqcGdeQXVyMjUzOTY1NTc@._V1_Ratio0.6837_AL_.jpg,For a Few Dollars More,1965,"Drama,Western",R,8.2,264889,"Sergio Leone,Clint Eastwood,Lee Van Cleef,Gian Maria Volontè,Mara Krupp",132
https://m.media-amazon.com/images/M/MV5BMTU0NTkyNzYwMF5BMl5BanBnXkFtZTgwMDU0NDk5MTI@._V1_Ratio0.6837_AL_.jpg,Sunset Blvd.,1950,"Drama,Film-Noir",Passed,8.4,228707,"Billy Wilder,William Holden,Gloria Swanson,Erich von Stroheim,Nancy Olson",110
https://m.media-amazon.com/images/M/MV5BYjE2OTdhMWUtOGJlMy00ZDViLWIzZjgtYjZkZGZmMDZjYmEyXkEyXkFqcGdeQXVyNzkwMjQ5NzM@._V1_Ratio0.6837_AL_.jpg,The Third Man,1949,"Film-Noir,Mystery,Thriller",Approved,8.1,176457,"Carol Reed,Orson Welles,Joseph Cotten,Alida Valli,Trevor Howard",93
https://m.media-amazon.com/images/M/MV5BNzY0NjU5ODUtOTAzMC00NTU5LWJkZjctYWMyOWY2MTZmOWM1XkEyXkFqcGdeQXVyMTI3ODAyMzE2._V1_Ratio0.6837_AL_.jpg,Network,1976,Drama,R,8.1,164583,"Sidney Lumet,Faye Dunaway,William Holden,Peter Finch,Robert Duvall",121
https://m.media-amazon.com/images/M/MV5BNGU3NjQ4YTMtZGJjOS00YTQ3LThmNmItMTI5MDE2ODI3NzY3XkEyXkFqcGdeQXVyMjUzOTY1NTc@._V1_Ratio0.6837_AL_.jpg,The Sting,1973,"Comedy,Crime,Drama",PG,8.3,271183,"George Roy Hill,Paul Newman,Robert Redford,Robert Shaw,Charles Durning",129
https://m.media-amazon.com/images/M/MV5BMDA1ZWI4ZDItOTRlYi00OTUxLWFlNWQtMzM5NDI0YjA4ZGI2XkEyXkFqcGdeQXVyMjUzOTY1NTc@._V1_Ratio0.6837_AL_.jpg,Life of Brian,1979,Comedy,R,8,411526,"Terry Jones,Graham Chapman,John Cleese,Michael Palin,Terry Gilliam",94
https://m.media-amazon.com/images/M/MV5BNjgxY2JiZDYtZmMwOC00ZmJjLWJmODUtMTNmNWNmYWI5ODkwL2ltYWdlL2ltYWdlXkEyXkFqcGdeQXVyNjc1NTYyMjg@._V1_Ratio0.6837_AL_.jpg,Ben-Hur,1959,"Adventure,Drama",G,8.1,246537,"William Wyler,Charlton Heston,Jack Hawkins,Stephen Boyd,Haya Harareet",212
https://m.media-amazon.com/images/M/MV5BNjcwNTQ3Y2EtMjdmZi00ODBhLWFhNzQtOTc3MWU5NTZlMDViXkEyXkFqcGdeQXVyMjUzOTY1NTc@._V1_Ratio0.6837_AL_.jpg,Cool Hand Luke,1967,"Crime,Drama",GP,8.1,183230,"Stuart Rosenberg,Paul Newman,George Kennedy,Strother Martin,J.D. Cannon",127
https://m.media-amazon.com/images/M/MV5BOGY5NmNlMmQtYzRlYy00NGQ5LWFkYjYtNzExZmQyMTg0ZDA0XkEyXkFqcGdeQXVyNDIzMzcwNjc@._V1_Ratio0.6837_AL_.jpg,The Bridge on the River Kwai,1957,"Adventure,Drama,War",PG,8.1,227044,"David Lean,William Holden,Alec Guinness,Jack Hawkins,Sessue Hayakawa",161
https://m.media-amazon.com/images/M/MV5BMmYyOTgwYWItYmU3Ny00M2E2LTk0NWMtMDVlNmQ0MWZiMTMxXkEyXkFqcGdeQXVyNzkwMjQ5NzM@._V1_Ratio0.6837_AL_.jpg,In the Name of the Father,1993,"Biography,Crime,Drama",R,8.1,181118,"Jim Sheridan,Daniel Day-Lewis,Pete Postlethwaite,Alison Crosbie,Philip King",133
https://m.media-amazon.com/images/M/MV5BNzE4NDg5OWMtMzg3NC00ZDRjLTllMDMtZTRjNWZmNjBmMGZlXkEyXkFqcGdeQXVyMTMxODk2OTU@._V1_Ratio0.7041_AL_.jpg,Hachi: A Dog's Tale,2009,"Biography,Drama,Family",G,8.1,297774,"Lasse Hallström,Richard Gere,Joan Allen,Cary-Hiroyuki Tagawa,Sarah Roemer",93
https://m.media-amazon.com/images/M/MV5BNDQwODU5OWYtNDcyNi00MDQ1LThiOGMtZDkwNWJiM2Y3MDg0XkEyXkFqcGdeQXVyMDI2NDg0NQ@@._V1_Ratio0.6837_AL_.jpg,Witness for the Prosecution,1957,"Crime,Drama,Mystery",Approved,8.4,130927,"Billy Wilder,Tyrone Power,Marlene Dietrich,Charles Laughton,Elsa Lanchester",116
https://m.media-amazon.com/images/M/MV5BOTI5Nzc0OTMtYzBkMS00NjkxLThmM2UtNjM2ODgxN2M5NjNkXkEyXkFqcGdeQXVyNjQ2MjQ5NzM@._V1_Ratio0.6837_AL_.jpg,Paths of Glory,1957,"Drama,War",Approved,8.4,204002,"Stanley Kubrick,Kirk Douglas,Ralph Meeker,Adolphe Menjou,George Macready",88
https://m.media-amazon.com/images/M/MV5BYmFlOTcxMWUtZTMzMi00NWIyLTkwOTEtNjIxNmViNzc2Yzc1XkEyXkFqcGdeQXVyMjUzOTY1NTc@._V1_Ratio0.6837_AL_.jpg,Persona,1966,"Drama,Thriller",Not Rated,8.1,124993,"Ingmar Bergman,Bibi Andersson,Liv Ullmann,Margaretha Krook,Gunnar Björnstrand",83
https://m.media-amazon.com/images/M/MV5BNzJiOGI2MjctYjUyMS00ZjkzLWE2ZmUtOTg4NTZkOTNhZDc1L2ltYWdlXkEyXkFqcGdeQXVyNjc1NTYyMjg@._V1_Ratio0.6837_AL_.jpg,The Grapes of Wrath,1940,Drama,Passed,8.1,96868,"John Ford,Henry Fonda,Jane Darwell,John Carradine,Charley Grapewin",129
https://m.media-amazon.com/images/M/MV5BY2I0MWFiZDMtNWQyYy00Njk5LTk3MDktZjZjNTNmZmVkYjkxXkEyXkFqcGdeQXVyNjc1NTYyMjg@._V1_Ratio0.6837_AL_.jpg,On the Waterfront,1954,"Crime,Drama,Thriller",Approved,8.1,159631,"Elia Kazan,Marlon Brando,Karl Malden,Lee J. Cobb,Rod Steiger",108
https://m.media-amazon.com/images/M/MV5BYWM1YmZkNTctZDAwNy00ZTY4LWFjMTktYzU4ZjViMmU1OTJmXkEyXkFqcGdeQXVyMTA0MTM5NjI2._V1_Ratio0.6837_AL_.jpg,Ikiru,1952,Drama,Not Rated,8.3,82903,"Akira Kurosawa,Takashi Shimura,Nobuo Kaneko,Shin'ichi Himori,Haruo Tanaka",143
https://m.media-amazon.com/images/M/MV5BYTcxYWExOTMtMWFmYy00ZjgzLWI0YjktNWEzYzJkZTg0NDdmL2ltYWdlXkEyXkFqcGdeQXVyNjc1NTYyMjg@._V1_Ratio0.6837_AL_.jpg,Rebecca,1940,"Drama,Film-Noir,Mystery",Approved,8.1,141812,"Alfred Hitchcock,Laurence Olivier,Joan Fontaine,George Sanders,Judith Anderson",130
https://m.media-amazon.com/images/M/MV5BOTdlNjgyZGUtOTczYi00MDdhLTljZmMtYTEwZmRiOWFkYjRhXkEyXkFqcGdeQXVyNDY2MTk1ODk@._V1_Ratio0.6837_AL_.jpg,Double Indemnity,1944,"Crime,Drama,Film-Noir",Passed,8.3,161907,"Billy Wilder,Fred MacMurray,Barbara Stanwyck,Edward G. Robinson,Byron Barr",107
https://m.media-amazon.com/images/M/MV5BZGJjYmIzZmQtNWE4Yy00ZGVmLWJkZGEtMzUzNmQ4ZWFlMjRhXkEyXkFqcGdeQXVyMTMxODk2OTU@._V1_Ratio0.6837_AL_.jpg,Hotel Rwanda,2004,"Biography,Drama,History",PG-13,8.1,363675,"Terry George,Don Cheadle,Sophie Okonedo,Joaquin Phoenix,Xolani Mali",121
https://m.media-amazon.com/images/M/MV5BYzJmMWE5NjAtNWMyZS00NmFiLWIwMDgtZDE2NzczYWFhNzIzXkEyXkFqcGdeQXVyNjc1NTYyMjg@._V1_Ratio0.6837_AL_.jpg,It Happened One Night,1934,"Comedy,Romance",Passed,8.1,108149,"Frank Capra,Clark Gable,Claudette Colbert,Walter Connolly,Roscoe Karns",105
https://m.media-amazon.com/images/M/MV5BOWIwODIxYWItZDI4MS00YzhhLWE3MmYtMzlhZDIwOTMzZmE5L2ltYWdlXkEyXkFqcGdeQXVyNjc1NTYyMjg@._V1_Ratio0.6837_AL_.jpg,Dial M for Murder,1954,"Crime,Thriller",PG,8.2,182118,"Alfred Hitchcock,Ray Milland,Grace Kelly,Robert Cummings,John Williams",105
https://m.media-amazon.com/images/M/MV5BYWQ4ZTRiODktNjAzZC00Nzg1LTk1YWQtNDFmNDI0NmZiNGIwXkEyXkFqcGdeQXVyNzkwMjQ5NzM@._V1_Ratio0.6837_AL_.jpg,Tokyo Story,1953,Drama,Not Rated,8.1,64880,"Yasujirô Ozu,Chishû Ryû,Chieko Higashiyama,Sô Yamamura,Setsuko Hara",136
https://m.media-amazon.com/images/M/MV5BYmE1M2Y3NTYtYTI0Mi00N2JlLTkzMzItOTY1MTlhNWNkMDgzXkEyXkFqcGdeQXVyMTUzMDUzNTI3._V1_Ratio0.6837_AL_.jpg,All About Eve,1950,Drama,Passed,8.2,134921,"Joseph L. Mankiewicz,Bette Davis,Anne Baxter,George Sanders,Celeste Holm",138
https://m.media-amazon.com/images/M/MV5BY2RmNTRjYzctODI4Ni00MzQyLWEyNTAtNjU0N2JkMTNhNjJkXkEyXkFqcGdeQXVyNjU0OTQ0OTY@._V1_Ratio0.6837_AL_.jpg,The Best Years of Our Lives,1946,"Drama,Romance,War",Approved,8.1,67753,"William Wyler,Myrna Loy,Dana Andrews,Fredric March,Teresa Wright",170
https://m.media-amazon.com/images/M/MV5BMmExYWJjNTktNGUyZS00ODhmLTkxYzAtNWIzOGEyMGNiMmUwXkEyXkFqcGdeQXVyNjU0OTQ0OTY@._V1_Ratio0.6837_AL_.jpg,The Great Dictator,1940,"Comedy,Drama,War",G,8.4,230295,"Charles Chaplin,Paulette Goddard,Jack Oakie,Reginald Gardiner",125
https://m.media-amazon.com/images/M/MV5BNDc2ODQ5NTE2MV5BMl5BanBnXkFtZTcwODExMjUyNA@@._V1_Ratio0.6837_AL_.jpg,Judgment at Nuremberg,1961,"Drama,War",Approved,8.3,80845,"Stanley Kramer,Spencer Tracy,Burt Lancaster,Richard Widmark,Marlene Dietrich",179
https://m.media-amazon.com/images/M/MV5BYjY0MGU3MmQtMGVhOS00M2IyLWI1MTktZGUxMzBjMTE5ZDA3XkEyXkFqcGdeQXVyNjU0OTQ0OTY@._V1_Ratio0.6837_AL_.jpg,Like Stars on Earth,2007,"Drama,Family",PG,8.3,199699,"Aamir Khan,Amole Gupte,Darsheel Safary,Tanay Chheda,Sachet Engineer",165
https://m.media-amazon.com/images/M/MV5BMWYwOThjM2ItZGYxNy00NTQwLWFlZWEtM2MzM2Q5MmY3NDU5XkEyXkFqcGdeQXVyMTkxNjUyNQ@@._V1_Ratio0.6837_AL_.jpg,Klaus,2019,"Animation,Adventure,Comedy",PG,8.2,168957,"Sergio Pablos,Carlos Martínez López,Jason Schwartzman,J.K. Simmons,Rashida Jones,Will Sasso",96
https://m.media-amazon.com/images/M/MV5BMTQ4MzQzMzM2Nl5BMl5BanBnXkFtZTgwMTQ1NzU3MDI@._V1_Ratio0.7041_AL_.jpg,Dangal,2016,"Action,Biography,Drama",Not Rated,8.3,199381,"Nitesh Tiwari,Aamir Khan,Sakshi Tanwar,Fatima Sana Shaikh,Sanya Malhotra",161
https://m.media-amazon.com/images/M/MV5BYjJiZjMzYzktNjU0NS00OTkxLWEwYzItYzdhYWJjN2QzMTRlL2ltYWdlL2ltYWdlXkEyXkFqcGdeQXVyNjU0OTQ0OTY@._V1_Ratio0.6837_AL_.jpg,Modern Times,1936,"Comedy,Drama,Romance",G,8.5,250400,"Charles Chaplin,Paulette Goddard,Henry Bergman,Tiny Sandford",87
https://m.media-amazon.com/images/M/MV5BZDdkNzMwZmUtY2Q5MS00ZmM2LWJhYjItYTBjMWY0MGM4MDRjXkEyXkFqcGdeQXVyNTA4NzY1MzY@._V1_Ratio0.6837_AL_.jpg,The Wages of Fear,1953,"Adventure,Drama,Thriller",Not Rated,8.2,63729,"Henri-Georges Clouzot,Yves Montand,Charles Vanel,Peter van Eyck,Folco Lulli",131
https://m.media-amazon.com/images/M/MV5BYjZmOWI1NTEtZjczYi00NTZhLTkyZTQtZjAyMWRkNzZkYTE5XkEyXkFqcGdeQXVyMTY3NTY5OTcx._V1_Ratio0.7245_AL_.jpg,The 400 Blows,1959,"Crime,Drama",Not Rated,8.1,123202,"François Truffaut,Jean-Pierre Léaud,Albert Rémy,Claire Maurier,Guy Decomble",99
https://m.media-amazon.com/images/M/MV5BMDgzYjQwMDMtNGUzYi00MTRmLWIyMGMtNjE1OGZkNzY2YWIzL2ltYWdlXkEyXkFqcGdeQXVyNjU0OTQ0OTY@._V1_Ratio0.7041_AL_.jpg,Mary and Max,2009,"Animation,Comedy,Drama",Not Rated,8.1,181952,"Adam Elliot,Toni Collette,Philip Seymour Hoffman,Eric Bana,Barry Humphries",92
https://m.media-amazon.com/images/M/MV5BNmI1ODdjODctMDlmMC00ZWViLWI5MzYtYzRhNDdjYmM3MzFjXkEyXkFqcGdeQXVyMTMxODk2OTU@._V1_Ratio0.6837_AL_.jpg,Bicycle Thieves,1948,Drama,Not Rated,8.3,168930,"Vittorio De Sica,Lamberto Maggiorani,Enzo Staiola,Lianella Carell,Elena Altieri",89
https://m.media-amazon.com/images/M/MV5BY2I4MmM1N2EtM2YzOS00OWUzLTkzYzctNDc5NDg2N2IyODJmXkEyXkFqcGdeQXVyNzkwMjQ5NzM@._V1_Ratio0.6837_AL_.jpg,City Lights,1931,"Comedy,Drama,Romance",G,8.5,189910,"Charles Chaplin,Virginia Cherrill,Florence Lee,Harry Myers",87
https://m.media-amazon.com/images/M/MV5BOTJlZWMxYzEtMjlkMS00ODE0LThlM2ItMDI3NGQ2YjhmMzkxXkEyXkFqcGdeQXVyMDI2NDg0NQ@@._V1_Ratio0.6837_AL_.jpg,The Treasure of the Sierra Madre,1947,"Adventure,Drama,Western",Passed,8.2,128867,"John Huston,Humphrey Bogart,Walter Huston,Tim Holt,Bruce Bennett",126
https://m.media-amazon.com/images/M/MV5BN2M4YTA4ZTEtN2EyNy00YTlmLWE4YzYtYjYyYjRkMWM4ZDM0XkEyXkFqcGdeQXVyMjUzOTY1NTc@._V1_Ratio0.6837_AL_.jpg,The Battle of Algiers,1966,"Drama,War",Not Rated,8.1,63021,"Gillo Pontecorvo,Brahim Hadjadj,Jean Martin,Yacef Saadi,Samia Kerbash",121
https://m.media-amazon.com/images/M/MV5BMGY3ZDgzY2MtNTllNi00ZWI1LTk1NTUtNWEzN2Q4YTA1ZGZiXkEyXkFqcGdeQXVyNzI1NzMxNzM@._V1_Ratio0.6837_AL_.jpg,To Be or Not to Be,1942,"Comedy,Romance,War",Passed,8.2,40252,"Ernst Lubitsch,Carole Lombard,Jack Benny,Robert Stack,Felix Bressart",99
https://m.media-amazon.com/images/M/MV5BZTYwYjYxYzgtMDE1Ni00NzU4LWJlMTEtODQ5YmJmMGJhZjI5L2ltYWdlXkEyXkFqcGdeQXVyMDI2NDg0NQ@@._V1_Ratio0.6837_AL_.jpg,Mr. Smith Goes to Washington,1939,"Comedy,Drama",Passed,8.1,118307,"Frank Capra,James Stewart,Jean Arthur,Claude Rains,Edward Arnold",129
https://m.media-amazon.com/images/M/MV5BZjhhMThhNDItNTY2MC00MmU1LTliNDEtNDdhZjdlNTY5ZDQ1XkEyXkFqcGdeQXVyNjc1NTYyMjg@._V1_Ratio0.6837_AL_.jpg,The Kid,1921,"Comedy,Drama,Family",Passed,8.2,130365,"Charles Chaplin,Edna Purviance,Jackie Coogan,Carl Miller",68
https://m.media-amazon.com/images/M/MV5BYmRiMDFlYjYtOTMwYy00OGY2LWE0Y2QtYzQxOGNhZmUwNTIxXkEyXkFqcGdeQXVyNzkwMjQ5NzM@._V1_Ratio0.6837_AL_.jpg,The General,1926,"Action,Adventure,Comedy",Passed,8.1,94692,"Clyde Bruckman,Buster Keaton,Marion Mack,Glen Cavender,Jim Farley",78
https://m.media-amazon.com/images/M/MV5BZWFhOGU5NDctY2Q3YS00Y2VlLWI1NzEtZmIwY2ZiZjY4OTA2XkEyXkFqcGdeQXVyMDI2NDg0NQ@@._V1_Ratio0.6837_AL_.jpg,Sherlock Jr.,1924,"Action,Comedy,Romance",Passed,8.2,53263,"Buster Keaton,Kathryn McGuire,Joe Keaton,Erwin Connelly",45
https://m.media-amazon.com/images/M/MV5BZjEyOTE4MzMtNmMzMy00Mzc3LWJlOTQtOGJiNDE0ZmJiOTU4L2ltYWdlXkEyXkFqcGdeQXVyNTAyODkwOQ@@._V1_Ratio0.7245_AL_.jpg,The Gold Rush,1925,"Adventure,Comedy,Drama",Passed,8.1,114755,"Charles Chaplin,Mack Swain,Tom Murray,Henry Bergman",95
