,id,image,title,description,runtime_str,genres,content_rating,imdb_rating,imdb_rating_votes,plot,domestic_gross,worldwide_gross,year,budget,foreign_gross
0,tt0499549,https://m.media-amazon.com/images/M/MV5BZDA0OGQxNTItMDZkMC00N2UyLTg3MzMtYTJmNjg3Nzk5MzRiXkEyXkFqcGdeQXVyMjUzOTY1NTc@._V1_Ratio0.6762_AL_.jpg,Avatar,Avatar (2009),2h 42min,"Action, Adventure, Fantasy",PG-13,7.9,1353300,A paraplegic Marine dispatched to the moon Pandora on a unique mission becomes torn between following his orders and protecting the world he feels is his home.,785221649.0,2923706026,2009,237000000.0,2138484377.0
1,tt4154796,https://m.media-amazon.com/images/M/MV5BMTc5MDE2ODcwNV5BMl5BanBnXkFtZTgwMzI2NzQ2NzM@._V1_Ratio0.6762_AL_.jpg,Avengers: Endgame,Avengers: Endgame (2019),3h 1min,"Action, Adventure, Drama",PG-13,8.4,1194755,"After the devastating events of Avengers: Infinity War (2018), the universe is in ruins. With the help of remaining allies, the Avengers assemble once more in order to reverse Thanos' actions and restore balance to the universe.",858373000.0,2799439100,2019,356000000.0,1941066100.0
3,tt0120338,https://m.media-amazon.com/images/M/MV5BMDdmZGU3NDQtY2E5My00ZTliLWIzOTUtMTY4ZGI1YjdiNjk3XkEyXkFqcGdeQXVyNTA4NzY1MzY@._V1_Ratio0.6762_AL_.jpg,Titanic,Titanic (1997),3h 14min,"Drama, Romance",PG-13,7.9,1228672,"A seventeen-year-old aristocrat falls in love with a kind but poor artist aboard the luxurious, ill-fated R.M.S. Titanic.",674292608.0,2264743305,1997,200000000.0,1590450697.0
4,tt2488496,https://m.media-amazon.com/images/M/MV5BOTAzODEzNDAzMl5BMl5BanBnXkFtZTgwMDU1MTgzNzE@._V1_Ratio0.6762_AL_.jpg,Star Wars: Episode VII - The Force Awakens,Star Wars: Episode VII - The Force Awakens (2015),2h 18min,"Action, Adventure, Sci-Fi",PG-13,7.8,951539,"As a new threat to the galaxy rises, Rey, a desert scavenger, and Finn, an ex-stormtrooper, must join Han Solo and Chewbacca to search for the one hope of restoring peace.",936662225.0,2071310218,2015,245000000.0,1134647993.0
5,tt4154756,https://m.media-amazon.com/images/M/MV5BMjMxNjY2MDU1OV5BMl5BanBnXkFtZTgwNzY1MTUwNTM@._V1_Ratio0.6762_AL_.jpg,Avengers: Infinity War,Avengers: Infinity War (2018),2h 29min,"Action, Adventure, Sci-Fi",PG-13,8.4,1124042,The Avengers and their allies must be willing to sacrifice all in an attempt to defeat the powerful Thanos before his blitz of devastation and ruin puts an end to the universe.,678815482.0,2052415039,2018,321000000.0,1373599557.0
7,tt0369610,https://m.media-amazon.com/images/M/MV5BNzQ3OTY4NjAtNzM5OS00N2ZhLWJlOWUtYzYwZjNmOWRiMzcyXkEyXkFqcGdeQXVyMTMxODk2OTU@._V1_Ratio0.6762_AL_.jpg,Jurassic World,Jurassic World (2015),2h 4min,"Action, Adventure, Sci-Fi",PG-13,6.9,661121,"A new theme park, built on the original site of Jurassic Park, creates a genetically modified hybrid dinosaur, the Indominus Rex, which escapes containment and goes on a killing spree.",653406625.0,1671537444,2015,150000000.0,1018130819.0
8,tt6105098,https://m.media-amazon.com/images/M/MV5BMjIwMjE1Nzc4NV5BMl5BanBnXkFtZTgwNDg4OTA1NzM@._V1_Ratio0.6762_AL_.jpg,The Lion King,The Lion King (2019),1h 58min,"Animation, Adventure, Drama",PG,6.8,256131,"After the murder of his father, a young lion prince flees his kingdom only to learn the true meaning of responsibility and bravery.",543638043.0,1663075401,2019,260000000.0,1119437358.0
9,tt0848228,https://m.media-amazon.com/images/M/MV5BNDYxNjQyMjAtNTdiOS00NGYwLWFmNTAtNThmYjU5ZGI2YTI1XkEyXkFqcGdeQXVyMTMxODk2OTU@._V1_Ratio0.6762_AL_.jpg,The Avengers,The Avengers (2012),2h 23min,"Action, Sci-Fi",PG-13,8.0,1423093,Earth's mightiest heroes must come together and learn to fight as a team if they are going to stop the mischievous Loki and his alien army from enslaving humanity.,623357910.0,1520538536,2012,220000000.0,897180626.0
10,tt2820852,https://m.media-amazon.com/images/M/MV5BMTQxOTA2NDUzOV5BMl5BanBnXkFtZTgwNzY2MTMxMzE@._V1_Ratio0.6762_AL_.jpg,Furious 7,Furious 7 (2015),2h 17min,"Action, Crime, Thriller",PG-13,7.1,403216,Deckard Shaw seeks revenge against Dominic Toretto and his family for his comatose brother.,353007020.0,1515341399,2015,190000000.0,1162334379.0
12,tt4520988,https://m.media-amazon.com/images/M/MV5BMjA0YjYyZGMtN2U0Ni00YmY4LWJkZTItYTMyMjY3NGYyMTJkXkEyXkFqcGdeQXVyNDg4NjY5OTQ@._V1_Ratio0.6762_AL_.jpg,Frozen II,Frozen II (2019),1h 43min,"Animation, Adventure, Comedy",PG,6.8,182933,"Anna, Elsa, Kristoff, Olaf and Sven leave Arendelle to travel to an ancient, autumn-bound forest of an enchanted land. They set out to find the origin of Elsa's powers in order to save their kingdom.",477373578.0,1453683476,2019,150000000.0,976309898.0
13,tt2395427,https://m.media-amazon.com/images/M/MV5BMTM4OGJmNWMtOTM4Ni00NTE3LTg3MDItZmQxYjc4N2JhNmUxXkEyXkFqcGdeQXVyNTgzMDMzMTg@._V1_Ratio0.6762_AL_.jpg,Avengers: Age of Ultron,Avengers: Age of Ultron (2015),2h 21min,"Action, Adventure, Sci-Fi",PG-13,7.3,891798,"When Tony Stark and Bruce Banner try to jump-start a dormant peacekeeping program called Ultron, things go horribly wrong and it's up to Earth's mightiest heroes to stop the villainous Ultron from enacting his terrible plan.",459005868.0,1405018048,2015,250000000.0,946012180.0
14,tt1825683,https://m.media-amazon.com/images/M/MV5BMTg1MTY2MjYzNV5BMl5BanBnXkFtZTgwMTc4NTMwNDI@._V1_Ratio0.6762_AL_.jpg,Black Panther,Black Panther (2018),2h 14min,"Action, Adventure, Sci-Fi",PG-13,7.3,805791,"T'Challa, heir to the hidden but advanced kingdom of Wakanda, must step forward to lead his people into a new future and must confront a challenger from his country's past.",700426566.0,1349926083,2018,200000000.0,649499517.0
16,tt1201607,https://m.media-amazon.com/images/M/MV5BMGVmMWNiMDktYjQ0Mi00MWIxLTk0N2UtN2ZlYTdkN2IzNDNlXkEyXkFqcGdeQXVyODE5NzE3OTE@._V1_Ratio0.6762_AL_.jpg,Harry Potter and the Deathly Hallows: Part 2,Harry Potter and the Deathly Hallows: Part 2 (2011),2h 10min,"Adventure, Family, Fantasy",PG-13,8.1,908796,"Harry, Ron, and Hermione search for Voldemort's remaining Horcruxes in their effort to destroy the Dark Lord as the final battle rages on at Hogwarts.",381447587.0,1342359942,2011,125000000.0,960912355.0
17,tt2527336,https://m.media-amazon.com/images/M/MV5BMjQ1MzcxNjg4N15BMl5BanBnXkFtZTgwNzgwMjY4MzI@._V1_Ratio0.6762_AL_.jpg,Star Wars: Episode VIII - The Last Jedi,Star Wars: Episode VIII - The Last Jedi (2017),2h 32min,"Action, Adventure, Fantasy",PG-13,6.9,650692,"The Star Wars saga continues as new heroes and galactic legends go on an epic adventure, unlocking mysteries of the Force and shocking revelations of the past.",620181382.0,1334407706,2017,317000000.0,714226324.0
18,tt4881806,https://m.media-amazon.com/images/M/MV5BNzIxMjYwNDEwN15BMl5BanBnXkFtZTgwMzk5MDI3NTM@._V1_Ratio0.6762_AL_.jpg,Jurassic World: Fallen Kingdom,Jurassic World: Fallen Kingdom (2018),2h 8min,"Action, Adventure, Sci-Fi",PG-13,6.1,330021,"When the island's dormant volcano begins roaring to life, Owen and Claire mount a campaign to rescue the remaining dinosaurs from this extinction-level event.",417719760.0,1310466296,2018,170000000.0,892746536.0
19,tt2294629,https://m.media-amazon.com/images/M/MV5BMTQ1MjQwMTE5OF5BMl5BanBnXkFtZTgwNjk3MTcyMDE@._V1_Ratio0.6762_AL_.jpg,Frozen,Frozen (2013),1h 42min,"Animation, Adventure, Comedy",PG,7.4,643540,"When the newly crowned Queen Elsa accidentally uses her power to turn things into ice to curse her home in infinite winter, her sister Anna teams up with a mountain man, his playful reindeer, and a snowman to change the weather condition.",400953009.0,1284540518,2013,150000000.0,883587509.0
20,tt2771200,https://m.media-amazon.com/images/M/MV5BMTUwNjUxMTM4NV5BMl5BanBnXkFtZTgwODExMDQzMTI@._V1_Ratio0.6762_AL_.jpg,Beauty and the Beast,Beauty and the Beast (2017),2h 9min,"Adventure, Family, Fantasy",PG,7.1,322010,"A selfish Prince is cursed to become a monster for the rest of his life, unless he learns to fall in love with a beautiful young woman he keeps prisoner.",504481165.0,1266115964,2017,160000000.0,761634799.0
21,tt3606756,https://m.media-amazon.com/images/M/MV5BMTEzNzY0OTg0NTdeQTJeQWpwZ15BbWU4MDU3OTg3MjUz._V1_Ratio0.6762_AL_.jpg,Incredibles 2,Incredibles 2 (2018),1h 58min,"Animation, Action, Adventure",PG,7.6,312834,The Incredibles family takes on a new mission which involves a change in family roles: Bob Parr (Mr. Incredible) must manage the house while his wife Helen (Elastigirl) goes out to save the world.,608581744.0,1243225667,2018,200000000.0,634643923.0
22,tt4630562,https://m.media-amazon.com/images/M/MV5BMjMxODI2NDM5Nl5BMl5BanBnXkFtZTgwNjgzOTk1MTI@._V1_Ratio0.6762_AL_.jpg,The Fate of the Furious,The Fate of the Furious (2017),2h 16min,"Action, Crime, Thriller",PG-13,6.6,243382,"When a mysterious woman seduces Dominic Toretto into the world of terrorism and a betrayal of those closest to him, the crew face trials that will test them as never before.",226008385.0,1236005118,2017,250000000.0,1009996733.0
23,tt1300854,https://m.media-amazon.com/images/M/MV5BMjE5MzcyNjk1M15BMl5BanBnXkFtZTcwMjQ4MjcxOQ@@._V1_Ratio0.7046_AL_.jpg,Iron Man 3,Iron Man 3 (2013),2h 10min,"Action, Adventure, Sci-Fi",PG-13,7.1,874203,"When Tony Stark's world is torn apart by a formidable terrorist called the Mandarin, he starts an odyssey of rebuilding and retribution.",409013994.0,1215577205,2013,200000000.0,806563211.0
24,tt2293640,https://m.media-amazon.com/images/M/MV5BMTUwNjcxNzAwOF5BMl5BanBnXkFtZTgwNzEzMzIzNDE@._V1_Ratio0.6762_AL_.jpg,Minions,Minions (2015),1h 31min,"Animation, Adventure, Comedy",PG,6.4,248596,"Minions Stuart, Kevin, and Bob are recruited by Scarlet Overkill, a supervillain who, alongside her inventor husband Herb, hatches a plot to take over the world.",336045770.0,1159444662,2015,74000000.0,823398892.0
25,tt3498820,https://m.media-amazon.com/images/M/MV5BMjQ0MTgyNjAxMV5BMl5BanBnXkFtZTgwNjUzMDkyODE@._V1_Ratio0.6762_AL_.jpg,Captain America: Civil War,Captain America: Civil War (2016),2h 27min,"Action, Sci-Fi",PG-13,7.8,817138,Political involvement in the Avengers' affairs causes a rift between Captain America and Iron Man.,408084349.0,1155046416,2016,250000000.0,746962067.0
26,tt1477834,https://m.media-amazon.com/images/M/MV5BOTk5ODg0OTU5M15BMl5BanBnXkFtZTgwMDQ3MDY3NjM@._V1_Ratio0.6762_AL_.jpg,Aquaman,Aquaman (2018),2h 23min,"Action, Adventure, Fantasy",PG-13,6.8,496651,"Arthur Curry, the human-born heir to the underwater kingdom of Atlantis, goes on a quest to prevent a war between the worlds of ocean and land.",335104314.0,1148528393,2018,160000000.0,813424079.0
27,tt0167260,https://m.media-amazon.com/images/M/MV5BNzA5ZDNlZWMtM2NhNS00NDJjLTk4NDItYTRmY2EwMWZlMTY3XkEyXkFqcGdeQXVyNzkwMjQ5NzM@._V1_Ratio0.6762_AL_.jpg,The Lord of the Rings: The Return of the King,The Lord of the Rings: The Return of the King (2003),3h 21min,"Action, Adventure, Drama",PG-13,9.0,1895762,Gandalf and Aragorn lead the World of Men against Sauron's army to draw his gaze from Frodo and Sam as they approach Mount Doom with the One Ring.,379427292.0,1147633833,2003,94000000.0,768206541.0
28,tt1074638,https://m.media-amazon.com/images/M/MV5BMWZiNjE2OWItMTkwNy00ZWQzLWI0NTgtMWE0NjNiYTljN2Q1XkEyXkFqcGdeQXVyNzAwMjYxMzA@._V1_Ratio0.6762_AL_.jpg,Skyfall,Skyfall (2012),2h 23min,"Action, Adventure, Thriller",PG-13,7.8,712344,"James Bond's loyalty to M is tested when her past comes back to haunt her. When MI6 comes under attack, 007 must track down and destroy the threat, no matter how personal the cost.",304360277.0,1142471295,2012,200000000.0,838111018.0
29,tt6320628,https://m.media-amazon.com/images/M/MV5BMGZlNTY1ZWUtYTMzNC00ZjUyLWE0MjQtMTMxN2E3ODYxMWVmXkEyXkFqcGdeQXVyMDM2NDM2MQ@@._V1_Ratio0.6762_AL_.jpg,Spider-Man: Far from Home,Spider-Man: Far from Home (2019),2h 9min,"Action, Adventure, Comedy",PG-13,7.4,522416,"Following the events of Avengers: Endgame (2019), Spider-Man must step up to take on new threats in a world that has changed forever.",390532085.0,1131927996,2019,160000000.0,741395911.0
30,tt4154664,https://m.media-amazon.com/images/M/MV5BMTE0YWFmOTMtYTU2ZS00ZTIxLWE3OTEtYTNiYzBkZjViZThiXkEyXkFqcGdeQXVyODMzMzQ4OTI@._V1_Ratio0.6762_AL_.jpg,Captain Marvel,Captain Marvel (2019),2h 3min,"Action, Adventure, Sci-Fi",PG-13,6.8,583556,Carol Danvers becomes one of the universe's most powerful heroes when Earth is caught in the middle of a galactic war between two alien races.,426829839.0,1131416446,2019,160000000.0,704586607.0
31,tt1399103,https://m.media-amazon.com/images/M/MV5BMTkwOTY0MTc1NV5BMl5BanBnXkFtZTcwMDQwNjA2NQ@@._V1_Ratio0.6762_AL_.jpg,Transformers: Dark of the Moon,Transformers: Dark of the Moon (2011),2h 34min,"Action, Adventure, Sci-Fi",PG-13,6.2,422110,"The Autobots learn of a Cybertronian spacecraft hidden on the moon, and race against the Decepticons to reach it and to learn its secrets.",352390543.0,1123794079,2011,195000000.0,771403536.0
32,tt0107290,https://m.media-amazon.com/images/M/MV5BMjM2MDgxMDg0Nl5BMl5BanBnXkFtZTgwNTM2OTM5NDE@._V1_Ratio0.6762_AL_.jpg,Jurassic Park,Jurassic Park (1993),2h 7min,"Action, Adventure, Sci-Fi",PG-13,8.2,1023189,A pragmatic paleontologist touring an almost complete theme park on an island in Central America is tasked with protecting a couple of kids after a power failure causes the park's cloned dinosaurs to run loose.,404214720.0,1109802321,1993,63000000.0,705587601.0
33,tt2109248,https://m.media-amazon.com/images/M/MV5BMjEwNTg1MTA5Nl5BMl5BanBnXkFtZTgwOTg2OTM4MTE@._V1_Ratio0.6762_AL_.jpg,Transformers: Age of Extinction,Transformers: Age of Extinction (2014),2h 45min,"Action, Adventure, Sci-Fi",PG-13,5.6,323628,"When humanity allies with a bounty hunter in pursuit of Optimus Prime, the Autobots turn to a mechanic and his family for help.",245439076.0,1104054072,2014,210000000.0,858614996.0
34,tt1345836,https://m.media-amazon.com/images/M/MV5BMTk4ODQzNDY3Ml5BMl5BanBnXkFtZTcwODA0NTM4Nw@@._V1_Ratio0.6762_AL_.jpg,The Dark Knight Rises,The Dark Knight Rises (2012),2h 44min,"Action, Drama, Thriller",PG-13,8.4,1753868,"Eight years after the Joker's reign of chaos, Batman is coerced out of exile with the assistance of the mysterious Selina Kyle in order to defend Gotham City from the vicious guerrilla terrorist Bane.",448149584.0,1081169825,2012,250000000.0,633020241.0
35,tt2527338,https://m.media-amazon.com/images/M/MV5BMDljNTQ5ODItZmQwMy00M2ExLTljOTQtZTVjNGE2NTg0NGIxXkEyXkFqcGdeQXVyODkzNTgxMDg@._V1_Ratio0.6762_AL_.jpg,Star Wars: Episode IX - The Rise of Skywalker,Star Wars: Episode IX - The Rise of Skywalker (2019),2h 21min,"Action, Adventure, Fantasy",PG-13,6.5,470762,"In the riveting conclusion of the landmark Skywalker saga, new legends will be born-and the final battle for freedom is yet to come.",515202542.0,1077022372,2019,275000000.0,561819830.0
36,tt7286456,https://m.media-amazon.com/images/M/MV5BNGVjNWI4ZGUtNzE0MS00YTJmLWE0ZDctN2ZiYTk2YmI3NTYyXkEyXkFqcGdeQXVyMTkxNjUyNQ@@._V1_Ratio0.6762_AL_.jpg,Joker,Joker (2019),2h 2min,"Crime, Drama, Thriller",R,8.4,1346345,"The rise of Arthur Fleck, from aspiring stand-up comedian and pariah to Gotham's clown prince and leader of the revolution.",335477657.0,1074458282,2019,55000000.0,738980625.0
37,tt1979376,https://m.media-amazon.com/images/M/MV5BMTYzMDM4NzkxOV5BMl5BanBnXkFtZTgwNzM1Mzg2NzM@._V1_Ratio0.6762_AL_.jpg,Toy Story 4,Toy Story 4 (2019),1h 40min,"Animation, Adventure, Comedy",G,7.7,265154,"When a new toy called ""Forky"" joins Woody and the gang, a road trip alongside old and new friends reveals how big the world can be for a toy.",434038008.0,1073841394,2019,200000000.0,639803386.0
38,tt0435761,https://m.media-amazon.com/images/M/MV5BMTgxOTY4Mjc0MF5BMl5BanBnXkFtZTcwNTA4MDQyMw@@._V1_Ratio0.7117_AL_.jpg,Toy Story 3,Toy Story 3 (2010),1h 43min,"Animation, Adventure, Comedy",G,8.3,860263,"The toys are mistakenly delivered to a day-care center instead of the attic right before Andy leaves for college, and it's up to Woody to convince the other toys that they weren't abandoned and to return home.",415004880.0,1067316101,2010,200000000.0,652311221.0
39,tt0383574,https://m.media-amazon.com/images/M/MV5BMTcwODc1MTMxM15BMl5BanBnXkFtZTYwMDg1NzY3._V1_Ratio0.6762_AL_.jpg,Pirates of the Caribbean: Dead Man's Chest,Pirates of the Caribbean: Dead Man's Chest (2006),2h 31min,"Action, Adventure, Fantasy",PG-13,7.3,740769,"Jack Sparrow races to recover the heart of Davy Jones to avoid enslaving his soul to Jones' service, as other friends and foes seek the heart for their own agenda as well.",423315812.0,1066179747,2006,225000000.0,642863935.0
40,tt3748528,https://m.media-amazon.com/images/M/MV5BMjEwMzMxODIzOV5BMl5BanBnXkFtZTgwNzg3OTAzMDI@._V1_Ratio0.6762_AL_.jpg,Rogue One: A Star Wars Story,Rogue One: A Star Wars Story (2016),2h 13min,"Action, Adventure, Sci-Fi",PG-13,7.8,661574,"In a time of conflict, a group of unlikely heroes band together on a mission to steal the plans to the Death Star, the Empire's ultimate weapon of destruction.",533539991.0,1058682142,2016,200000000.0,525142151.0
41,tt6139732,https://m.media-amazon.com/images/M/MV5BMjQ2ODIyMjY4MF5BMl5BanBnXkFtZTgwNzY4ODI2NzM@._V1_Ratio0.6762_AL_.jpg,Aladdin,Aladdin (2019),2h 8min,"Adventure, Comedy, Family",PG,6.9,277918,A kind-hearted street urchin and a power-hungry Grand Vizier vie for a magic lamp that has the power to make their deepest wishes come true.,355559216.0,1054304000,2019,183000000.0,698744784.0
42,tt1298650,https://m.media-amazon.com/images/M/MV5BMjE5MjkwODI3Nl5BMl5BanBnXkFtZTcwNjcwMDk4NA@@._V1_Ratio0.6762_AL_.jpg,Pirates of the Caribbean: On Stranger Tides,Pirates of the Caribbean: On Stranger Tides (2011),2h 16min,"Action, Adventure, Fantasy",PG-13,6.6,544071,"Jack Sparrow and Barbossa embark on a quest to find the elusive fountain of youth, only to discover that Blackbeard and his daughter are after it too.",241071802.0,1046721266,2011,250000000.0,805649464.0
43,tt3469046,https://m.media-amazon.com/images/M/MV5BNjUyNzQ2MTg3Ml5BMl5BanBnXkFtZTgwNzE4NDM3MTI@._V1_Ratio0.6762_AL_.jpg,Despicable Me 3,Despicable Me 3 (2017),1h 29min,"Animation, Adventure, Comedy",PG,6.2,144657,"Gru meets his long-lost, charming, cheerful, and more successful twin brother Dru, who wants to team up with him for one last criminal heist.",264624300.0,1034800131,2017,80000000.0,770175831.0
44,tt2277860,https://m.media-amazon.com/images/M/MV5BYWVmYTcwZDYtYzNmNC00M2U2LWFjZWYtOWRlY2NiNjc5ZjdiXkEyXkFqcGdeQXVyNjY5Mjg5MjA@._V1_Ratio0.7046_AL_.jpg,Finding Dory,Finding Dory (2016),1h 37min,"Animation, Adventure, Comedy",PG,7.3,290031,Friendly but forgetful blue tang Dory begins a search for her long-lost parents and everyone learns a few things about the real meaning of family along the way.,486295561.0,1029266989,2016,200000000.0,542971428.0
45,tt0120915,https://m.media-amazon.com/images/M/MV5BYTRhNjcwNWQtMGJmMi00NmQyLWE2YzItODVmMTdjNWI0ZDA2XkEyXkFqcGdeQXVyNTAyODkwOQ@@._V1_Ratio0.6762_AL_.jpg,Star Wars: Episode I - The Phantom Menace,Star Wars: Episode I - The Phantom Menace (1999),2h 16min,"Action, Adventure, Fantasy",PG,6.5,827966,"Two Jedi escape a hostile blockade to find allies and come across a young boy who may bring balance to the Force, but the long dormant Sith resurface to claim their original glory.",474544677.0,1027082707,1999,115000000.0,552538030.0
46,tt2948356,https://m.media-amazon.com/images/M/MV5BOTMyMjEyNzIzMV5BMl5BanBnXkFtZTgwNzIyNjU0NzE@._V1_Ratio0.6762_AL_.jpg,Zootopia,Zootopia (2016),1h 48min,"Animation, Adventure, Comedy",PG,8.0,521036,"In a city of anthropomorphic animals, a rookie bunny cop and a cynical con artist fox must work together to uncover a conspiracy.",341268248.0,1025521689,2016,150000000.0,684253441.0
47,tt1014759,https://m.media-amazon.com/images/M/MV5BMTMwNjAxMTc0Nl5BMl5BanBnXkFtZTcwODc3ODk5Mg@@._V1_Ratio0.6762_AL_.jpg,Alice in Wonderland,Alice in Wonderland (2010),1h 48min,"Adventure, Family, Fantasy",PG,6.4,427848,"Nineteen-year-old Alice returns to the magical world from her childhood adventure, where she reunites with her old friends and learns of her true destiny: to end the Red Queen's reign of terror.",334191110.0,1025468216,2010,200000000.0,691277106.0
48,tt0241527,https://m.media-amazon.com/images/M/MV5BNmQ0ODBhMjUtNDRhOC00MGQzLTk5MTAtZDliODg5NmU5MjZhXkEyXkFqcGdeQXVyNDUyOTg3Njg@._V1_Ratio0.6833_AL_.jpg,Harry Potter and the Sorcerer's Stone,Harry Potter and the Sorcerer's Stone (2001),2h 32min,"Adventure, Family, Fantasy",PG,7.6,816392,"An orphaned boy enrolls in a school of wizardry, where he learns the truth about himself, his family and the terrible evil that haunts the magical world.",318886962.0,1023842938,2001,125000000.0,704955976.0
49,tt0903624,https://m.media-amazon.com/images/M/MV5BMTcwNTE4MTUxMl5BMl5BanBnXkFtZTcwMDIyODM4OA@@._V1_Ratio0.6762_AL_.jpg,The Hobbit: An Unexpected Journey,The Hobbit: An Unexpected Journey (2012),2h 49min,"Adventure, Fantasy",PG-13,7.8,846852,"A reluctant Hobbit, Bilbo Baggins, sets out to the Lonely Mountain with a spirited group of dwarves to reclaim their mountain home, and the gold within it from the dragon Smaug.",303030651.0,1017030651,2012,180000000.0,714000000.0
50,tt0468569,https://m.media-amazon.com/images/M/MV5BMTMxNTMwODM0NF5BMl5BanBnXkFtZTcwODAyMTk2Mw@@._V1_Ratio0.6762_AL_.jpg,The Dark Knight,The Dark Knight (2008),2h 32min,"Action, Crime, Drama",PG-13,9.0,2732160,"When the menace known as the Joker wreaks havoc and chaos on the people of Gotham, Batman must accept one of the greatest psychological and physical tests of his ability to fight injustice.",534987076.0,1006234167,2008,185000000.0,471247091.0
52,tt2283362,https://m.media-amazon.com/images/M/MV5BODQ0NDhjYWItYTMxZi00NTk2LWIzNDEtOWZiYWYxZjc2MTgxXkEyXkFqcGdeQXVyMTQxNzMzNDI@._V1_Ratio0.6762_AL_.jpg,Jumanji: Welcome to the Jungle,Jumanji: Welcome to the Jungle (2017),1h 59min,"Action, Adventure, Comedy",PG-13,6.9,397363,"Four teenagers are sucked into a magical video game, and the only way they can escape is to work together to finish the game.",404540171.0,995339117,2017,90000000.0,590798946.0
53,tt0926084,https://m.media-amazon.com/images/M/MV5BMTQ2OTE1Mjk0N15BMl5BanBnXkFtZTcwODE3MDAwNA@@._V1_Ratio0.6762_AL_.jpg,Harry Potter and the Deathly Hallows: Part 1,Harry Potter and the Deathly Hallows: Part 1 (2010),2h 26min,"Adventure, Family, Fantasy",PG-13,7.7,572316,"As Harry, Ron and Hermione race against time and evil to destroy the Horcruxes, they uncover the existence of the three most powerful objects in the wizarding world: the Deathly Hallows.",296374621.0,977070383,2010,150000000.0,680695762.0
54,tt1690953,https://m.media-amazon.com/images/M/MV5BMTQxNzY1MjI5NF5BMl5BanBnXkFtZTcwNTI0MDY1OQ@@._V1_Ratio0.6762_AL_.jpg,Despicable Me 2,Despicable Me 2 (2013),1h 38min,"Animation, Adventure, Comedy",PG,7.3,413086,"When Gru, the world's most super-bad turned super-dad has been recruited by a team of officials to stop lethal muscle and a host of Gru's own, He has to fight back with new gadgetry, cars, and more minion madness.",368065385.0,970766005,2013,76000000.0,602700620.0
55,tt0110357,https://m.media-amazon.com/images/M/MV5BYTYxNGMyZTYtMjE3MS00MzNjLWFjNmYtMDk3N2FmM2JiM2M1XkEyXkFqcGdeQXVyNjY5NDU4NzI@._V1_Ratio0.6762_AL_.jpg,The Lion King,The Lion King (1994),1h 28min,"Animation, Adventure, Drama",G,8.5,1092450,"Lion prince Simba and his father are targeted by his bitter uncle, who wants to ascend the throne himself.",422783777.0,968511805,1994,45000000.0,545728028.0
56,tt3040964,https://m.media-amazon.com/images/M/MV5BMTc3NTUzNTI4MV5BMl5BanBnXkFtZTgwNjU0NjU5NzE@._V1_Ratio0.6762_AL_.jpg,The Jungle Book,The Jungle Book (2016),1h 46min,"Adventure, Drama, Family",PG,7.4,284789,"After a threat from the tiger Shere Khan forces him to flee the jungle, a man-cub named Mowgli embarks on a journey of self discovery with the help of panther Bagheera and free-spirited bear Baloo.",364001123.0,967724775,2016,175000000.0,603723652.0
57,tt2310332,https://m.media-amazon.com/images/M/MV5BMTYzNDE3OTQ3MF5BMl5BanBnXkFtZTgwODczMTg4MjE@._V1_Ratio0.6762_AL_.jpg,The Hobbit: The Battle of the Five Armies,The Hobbit: The Battle of the Five Armies (2014),2h 24min,"Adventure, Fantasy",PG-13,7.4,549875,Bilbo and company are forced to engage in a war against an array of combatants and keep the Lonely Mountain from falling into the hands of a rising darkness.,255138261.0,962201338,2014,250000000.0,707063077.0
58,tt0449088,https://m.media-amazon.com/images/M/MV5BMjIyNjkxNzEyMl5BMl5BanBnXkFtZTYwMjc3MDE3._V1_Ratio0.6762_AL_.jpg,Pirates of the Caribbean: At World's End,Pirates of the Caribbean: At World's End (2007),2h 49min,"Action, Adventure, Fantasy",PG-13,7.1,670800,"Captain Barbossa, Will Turner and Elizabeth Swann must sail off the edge of the map, navigate treachery and betrayal, find Jack Sparrow, and make their final alliances for one last decisive battle.",309420425.0,961691209,2007,300000000.0,652270784.0
59,tt1170358,https://m.media-amazon.com/images/M/MV5BMzU0NDY0NDEzNV5BMl5BanBnXkFtZTgwOTIxNDU1MDE@._V1_Ratio0.6762_AL_.jpg,The Hobbit: The Desolation of Smaug,The Hobbit: The Desolation of Smaug (2013),2h 41min,Fantasy,PG-13,7.8,681667,"The dwarves, along with Bilbo Baggins and Gandalf the Grey, continue their quest to reclaim Erebor, their homeland, from Smaug. Bilbo Baggins is in possession of a mysterious and magical ring.",258387334.0,959027992,2013,225000000.0,700640658.0
61,tt0167261,https://m.media-amazon.com/images/M/MV5BZGMxZTdjZmYtMmE2Ni00ZTdkLWI5NTgtNjlmMjBiNzU2MmI5XkEyXkFqcGdeQXVyNjU0OTQ0OTY@._V1_Ratio0.6762_AL_.jpg,The Lord of the Rings: The Two Towers,The Lord of the Rings: The Two Towers (2002),2h 59min,"Action, Adventure, Drama",PG-13,8.8,1708736,"While Frodo and Sam edge closer to Mordor with the help of the shifty Gollum, the divided fellowship makes a stand against Sauron's new ally, Saruman, and his hordes of Isengard.",342952511.0,947944270,2002,94000000.0,604991759.0
62,tt0373889,https://m.media-amazon.com/images/M/MV5BOTA3MmRmZDgtOWU1Ny00ZDc5LWFkN2YtNzNlY2UxZmY0N2IyXkEyXkFqcGdeQXVyNTIzOTk5ODM@._V1_Ratio0.6762_AL_.jpg,Harry Potter and the Order of the Phoenix,Harry Potter and the Order of the Phoenix (2007),2h 18min,"Action, Adventure, Family",PG-13,7.5,603254,"With their warning about Lord Voldemort's return scoffed at, Harry and Dumbledore are targeted by the Wizard authorities as an authoritarian bureaucrat slowly seizes power at Hogwarts.",292382727.0,942278045,2007,150000000.0,649895318.0
63,tt0266543,https://m.media-amazon.com/images/M/MV5BZjMxYzBiNjUtZDliNC00MDAyLTg3N2QtOWNjNmNhZGQzNDg5XkEyXkFqcGdeQXVyNjE2MjQwNjc@._V1_Ratio0.6833_AL_.jpg,Finding Nemo,Finding Nemo (2003),1h 40min,"Animation, Adventure, Comedy",G,8.2,1074052,"After his son is captured in the Great Barrier Reef and taken to Sydney, a timid clownfish sets out on a journey to bring him home.",380843261.0,941637960,2003,94000000.0,560794699.0
65,tt0417741,https://m.media-amazon.com/images/M/MV5BNzU3NDg4NTAyNV5BMl5BanBnXkFtZTcwOTg2ODg1Mg@@._V1_Ratio0.6762_AL_.jpg,Harry Potter and the Half-Blood Prince,Harry Potter and the Half-Blood Prince (2009),2h 33min,"Action, Adventure, Family",PG,7.6,566889,"As Harry Potter begins his sixth year at Hogwarts, he discovers an old book marked as ""the property of the Half-Blood Prince"" and begins to learn more about Lord Voldemort's dark past.",302334374.0,934519387,2009,250000000.0,632185013.0
66,tt0298148,https://m.media-amazon.com/images/M/MV5BMDJhMGRjN2QtNDUxYy00NGM3LThjNGQtMmZiZTRhNjM4YzUxL2ltYWdlL2ltYWdlXkEyXkFqcGdeQXVyMTQxNzMzNDI@._V1_Ratio0.6762_AL_.jpg,Shrek 2,Shrek 2 (2004),1h 33min,"Animation, Adventure, Comedy",PG,7.3,484080,"Shrek and Fiona travel to the Kingdom of Far Far Away, where Fiona's parents are King and Queen, to celebrate their marriage. When they arrive, they find they are not as welcome as they thought they would be.",441226247.0,928760770,2004,150000000.0,487534523.0
67,tt0295297,https://m.media-amazon.com/images/M/MV5BMjE0YjUzNDUtMjc5OS00MTU3LTgxMmUtODhkOThkMzdjNWI4XkEyXkFqcGdeQXVyMTA3MzQ4MTc0._V1_Ratio0.6975_AL_.jpg,Harry Potter and the Chamber of Secrets,Harry Potter and the Chamber of Secrets (2002),2h 41min,"Adventure, Family, Fantasy",PG,7.4,661368,An ancient prophecy seems to be coming true when a mysterious presence begins stalking the corridors of a school of magic and leaving its victims paralyzed.,262641637.0,925668380,2002,100000000.0,663026743.0
68,tt1727824,https://m.media-amazon.com/images/M/MV5BMTA2NDc3Njg5NDVeQTJeQWpwZ15BbWU4MDc1NDcxNTUz._V1_Ratio0.6762_AL_.jpg,Bohemian Rhapsody,Bohemian Rhapsody (2018),2h 14min,"Biography, Drama, Music",PG-13,7.9,558525,"The story of the legendary British rock band Queen and lead singer Freddie Mercury, leading up to their famous performance at Live Aid (1985).",216668042.0,910809311,2018,52000000.0,694141269.0
70,tt0120737,https://m.media-amazon.com/images/M/MV5BN2EyZjM3NzUtNWUzMi00MTgxLWI0NTctMzY4M2VlOTdjZWRiXkEyXkFqcGdeQXVyNDUzOTQ5MjY@._V1_Ratio0.6762_AL_.jpg,The Lord of the Rings: The Fellowship of the Ring,The Lord of the Rings: The Fellowship of the Ring (2001),2h 58min,"Action, Adventure, Drama",PG-13,8.8,1924407,A meek Hobbit from the Shire and eight companions set out on a journey to destroy the powerful One Ring and save Middle-earth from the Dark Lord Sauron.,316115420.0,898204420,2001,93000000.0,582089000.0
71,tt0330373,https://m.media-amazon.com/images/M/MV5BMTI1NDMyMjExOF5BMl5BanBnXkFtZTcwOTc4MjQzMQ@@._V1_Ratio0.6762_AL_.jpg,Harry Potter and the Goblet of Fire,Harry Potter and the Goblet of Fire (2005),2h 37min,"Adventure, Family, Fantasy",PG-13,7.7,651389,"Harry Potter finds himself competing in a hazardous tournament between rival schools of magic, but he is distracted by recurring nightmares.",290469928.0,896815106,2005,150000000.0,606345178.0
72,tt0413300,https://m.media-amazon.com/images/M/MV5BYTk3MDljOWQtNGI2My00OTEzLTlhYjQtOTQ4ODM2MzUwY2IwXkEyXkFqcGdeQXVyNTIzOTk5ODM@._V1_Ratio0.6762_AL_.jpg,Spider-Man 3,Spider-Man 3 (2007),2h 19min,"Action, Adventure, Sci-Fi",PG-13,6.3,611541,"A strange black entity from another world bonds with Peter Parker and causes inner turmoil as he contends with new villains, temptations, and revenge.",336530303.0,894983373,2007,258000000.0,558453070.0
73,tt2709768,https://m.media-amazon.com/images/M/MV5BMjIzMzA1OTkzNV5BMl5BanBnXkFtZTgwODE3MjM4NzE@._V1_Ratio0.6762_AL_.jpg,The Secret Life of Pets,The Secret Life of Pets (2016),1h 27min,"Animation, Adventure, Comedy",PG,6.5,209397,"The quiet life of a terrier named Max is upended when his owner takes in Duke, a stray whom Max instantly dislikes.",368384330.0,894328469,2016,75000000.0,525944139.0
74,tt1080016,https://m.media-amazon.com/images/M/MV5BMTMzNDkzMTcyOV5BMl5BanBnXkFtZTcwNDIzMjM2MQ@@._V1_Ratio0.6904_AL_.jpg,Ice Age: Dawn of the Dinosaurs,Ice Age: Dawn of the Dinosaurs (2009),1h 34min,"Animation, Adventure, Comedy",PG,6.9,254488,"When Sid's attempt to adopt three dinosaur eggs gets him abducted by their real mother to an underground lost world, his friends attempt to rescue him.",196573705.0,886686817,2009,90000000.0,690113112.0
75,tt2379713,https://m.media-amazon.com/images/M/MV5BOWQ1MDE1NzgtNTQ4OC00ZjliLTllZDAtN2IyOTVmMTc5YjUxXkEyXkFqcGdeQXVyNzkwMjQ5NzM@._V1_Ratio0.6762_AL_.jpg,Spectre,Spectre (2015),2h 28min,"Action, Adventure, Thriller",PG-13,6.8,453123,"A cryptic message from James Bond's past sends him on a trail to uncover the existence of a sinister organisation named SPECTRE. With a new threat dawning, Bond learns the terrible truth about the author of all his pain in his most recent missions.",200074609.0,880705312,2015,245000000.0,680630703.0
76,tt2250912,https://m.media-amazon.com/images/M/MV5BNTk4ODQ1MzgzNl5BMl5BanBnXkFtZTgwMTMyMzM4MTI@._V1_Ratio0.6762_AL_.jpg,Spider-Man: Homecoming,Spider-Man: Homecoming (2017),2h 13min,"Action, Adventure, Sci-Fi",PG-13,7.4,685273,"Peter Parker balances his life as an ordinary high school student in Queens with his superhero alter-ego Spider-Man, and finds himself on the trail of a new menace prowling the skies of New York City.",334201140.0,880166924,2017,175000000.0,545965784.0
77,tt1667889,https://m.media-amazon.com/images/M/MV5BMTM3NDM5MzY5Ml5BMl5BanBnXkFtZTcwNjExMDUwOA@@._V1_Ratio0.6762_AL_.jpg,Ice Age: Continental Drift,Ice Age: Continental Drift (2012),1h 28min,"Animation, Adventure, Comedy",PG,6.5,217214,"Manny, Diego, and Sid embark upon another adventure after their continent is set adrift. Using an iceberg as a ship, they encounter sea creatures and battle pirates as they explore a new world.",161321843.0,877244782,2012,95000000.0,715922939.0
78,tt2975590,https://m.media-amazon.com/images/M/MV5BYThjYzcyYzItNTVjNy00NDk0LTgwMWQtYjMwNmNlNWJhMzMyXkEyXkFqcGdeQXVyMTQxNzMzNDI@._V1_Ratio0.6762_AL_.jpg,Batman v Superman: Dawn of Justice,Batman v Superman: Dawn of Justice (2016),2h 31min,"Action, Adventure, Sci-Fi",PG-13,6.4,711159,"Fearing that the actions of Superman are left unchecked, Batman takes on the Man of Steel, while the world wrestles with what kind of a hero it really needs.",330360194.0,873637528,2016,250000000.0,543277334.0
79,tt1375666,https://m.media-amazon.com/images/M/MV5BMjAxMzY3NjcxNF5BMl5BanBnXkFtZTcwNTI5OTM0Mw@@._V1_Ratio0.6762_AL_.jpg,Inception,Inception (2010),2h 28min,"Action, Adventure, Sci-Fi",PG-13,8.8,2432994,"A thief who steals corporate secrets through the use of dream-sharing technology is given the inverse task of planting an idea into the mind of a C.E.O., but his tragic past may doom the project and his team to disaster.",292587330.0,870792649,2010,160000000.0,578205319.0
80,tt7131870,https://m.media-amazon.com/images/M/MV5BMTY0NjU4NjE4Nl5BMl5BanBnXkFtZTgwNjk0ODY5MjI@._V1_Ratio0.6762_AL_.jpg,Wolf Warrior 2,Wolf Warrior 2 (2017),2h 3min,"Action, Adventure, Drama",Not Rated,5.9,8589,"China's deadliest special forces operative settles into a quiet life on the sea. When sadistic mercenaries begin targeting nearby civilians, he must leave his newfound peace behind and return to his duties as a soldier and protector.",2721100.0,870325439,2017,30100000.0,867604339.0
81,tt0121766,https://m.media-amazon.com/images/M/MV5BNTc4MTc3NTQ5OF5BMl5BanBnXkFtZTcwOTg0NjI4NA@@._V1_Ratio0.7544_AL_.jpg,Star Wars: Episode III - Revenge of the Sith,Star Wars: Episode III - Revenge of the Sith (2005),2h 20min,"Action, Adventure, Fantasy",PG-13,7.6,816805,"Three years into the Clone Wars, Obi-Wan pursues a new threat, while Anakin is lured by Chancellor Palpatine into a sinister plot to rule the galaxy.",380270577.0,868390560,2005,113000000.0,488119983.0
82,tt1951264,https://m.media-amazon.com/images/M/MV5BMTAyMjQ3OTAxMzNeQTJeQWpwZ15BbWU4MDU0NzA1MzAx._V1_Ratio0.6762_AL_.jpg,The Hunger Games: Catching Fire,The Hunger Games: Catching Fire (2013),2h 26min,"Action, Adventure, Sci-Fi",PG-13,7.5,685490,Katniss Everdeen and Peeta Mellark become targets of the Capitol after their victory in the 74th Hunger Games sparks a rebellion in the Districts of Panem.,424668047.0,865011746,2013,130000000.0,440343699.0
83,tt3896198,https://m.media-amazon.com/images/M/MV5BNjM0NTc0NzItM2FlYS00YzEwLWE0YmUtNTA2ZWIzODc2OTgxXkEyXkFqcGdeQXVyNTgwNzIyNzg@._V1_Ratio0.6762_AL_.jpg,Guardians of the Galaxy Vol. 2,Guardians of the Galaxy Vol. 2 (2017),2h 16min,"Action, Adventure, Comedy",PG-13,7.6,725621,"The Guardians struggle to keep together as a team while dealing with their personal family issues, notably Star-Lord's encounter with his father, the ambitious celestial being Ego.",389813101.0,863756051,2017,200000000.0,473942950.0
85,tt2096673,https://m.media-amazon.com/images/M/MV5BOTgxMDQwMDk0OF5BMl5BanBnXkFtZTgwNjU5OTg2NDE@._V1_Ratio0.6762_AL_.jpg,Inside Out,Inside Out (2015),1h 35min,"Animation, Adventure, Comedy",PG,8.1,743320,"After young Riley is uprooted from her Midwest life and moved to San Francisco, her emotions - Joy, Fear, Anger, Disgust and Sadness - conflict on how best to navigate a new city, house, and school.",356921711.0,858848019,2015,175000000.0,501926308.0
86,tt1270797,https://m.media-amazon.com/images/M/MV5BNTFkZjdjN2QtOGE5MS00ZTgzLTgxZjAtYzkyZWQ5MjEzYmZjXkEyXkFqcGdeQXVyMTM0NTUzNDIy._V1_Ratio0.6762_AL_.jpg,Venom,Venom (2018),1h 52min,"Action, Adventure, Sci-Fi",PG-13,6.6,510800,"A failed reporter is bonded to an alien entity, one of many symbiotes who have invaded Earth. But the being takes a liking to Earth and decides to protect it.",213515506.0,856085151,2018,100000000.0,642569645.0
87,tt3501632,https://m.media-amazon.com/images/M/MV5BMjMyNDkzMzI1OF5BMl5BanBnXkFtZTgwODcxODg5MjI@._V1_Ratio0.6762_AL_.jpg,Thor: Ragnarok,Thor: Ragnarok (2017),2h 10min,"Action, Adventure, Comedy",PG-13,7.9,782663,"Imprisoned on the planet Sakaar, Thor must race against time to return to Asgard and stop Ragnarök, the destruction of his world, at the hands of the powerful and ruthless villain Hela.",315058289.0,855301806,2017,180000000.0,540243517.0
88,tt1673434,https://m.media-amazon.com/images/M/MV5BMTcyMzUyMzY1OF5BMl5BanBnXkFtZTcwNDQ4ODk1OA@@._V1_Ratio0.6762_AL_.jpg,The Twilight Saga: Breaking Dawn - Part 2,The Twilight Saga: Breaking Dawn - Part 2 (2012),1h 55min,"Adventure, Drama, Fantasy",PG-13,5.5,255845,"After the birth of Renesmee/Nessie, the Cullens gather other vampire clans in order to protect the child from a false allegation that puts the family in front of the Volturi.",292324737.0,848593948,2012,120000000.0,556269211.0
90,tt1055369,https://m.media-amazon.com/images/M/MV5BNjk4OTczOTk0NF5BMl5BanBnXkFtZTcwNjQ0NzMzMw@@._V1_Ratio0.6762_AL_.jpg,Transformers: Revenge of the Fallen,Transformers: Revenge of the Fallen (2009),2h 29min,"Action, Adventure, Sci-Fi",PG-13,5.9,417092,"Sam Witwicky leaves the Autobots behind for a normal life. But when his mind is filled with cryptic symbols, the Decepticons target him and he is dragged back into the Transformers' war.",402111870.0,836303693,2009,200000000.0,434191823.0
91,tt0145487,https://m.media-amazon.com/images/M/MV5BZDEyN2NhMjgtMjdhNi00MmNlLWE5YTgtZGE4MzNjMTRlMGEwXkEyXkFqcGdeQXVyNDUyOTg3Njg@._V1_Ratio0.6762_AL_.jpg,Spider-Man,Spider-Man (2002),2h 1min,"Action, Adventure, Sci-Fi",PG-13,7.4,836119,"After being bitten by a genetically-modified spider, a shy teenager gains spider-like abilities that he uses to fight injustice as a masked superhero and face a vengeful enemy.",407022860.0,825025036,2002,139000000.0,418002176.0
92,tt0451279,https://m.media-amazon.com/images/M/MV5BMTYzODQzYjQtNTczNC00MzZhLTg1ZWYtZDUxYmQ3ZTY4NzA1XkEyXkFqcGdeQXVyODE5NzE3OTE@._V1_Ratio0.6762_AL_.jpg,Wonder Woman,Wonder Woman (2017),2h 21min,"Action, Adventure, Fantasy",PG-13,7.4,676536,"When a pilot crashes and tells of conflict in the outside world, Diana, an Amazonian warrior in training, leaves home to fight a war, discovering her full powers and true destiny.",412845172.0,822854286,2017,149000000.0,410009114.0
94,tt0116629,https://m.media-amazon.com/images/M/MV5BMGQwNDNkMmItYWY1Yy00YTZmLWE5OTAtODU0MGZmMzQ1NDdkXkEyXkFqcGdeQXVyMTQxNzMzNDI@._V1_Ratio0.6762_AL_.jpg,Independence Day,Independence Day (1996),2h 25min,"Action, Adventure, Sci-Fi",PG-13,7.0,588864,"The aliens are coming and their goal is to invade and destroy Earth. Fighting superior technology, mankind's best weapon is the will to survive.",306169268.0,817400891,1996,75000000.0,511231623.0
95,tt2380307,https://m.media-amazon.com/images/M/MV5BYjQ5NjM0Y2YtNjZkNC00ZDhkLWJjMWItN2QyNzFkMDE3ZjAxXkEyXkFqcGdeQXVyODIxMzk5NjA@._V1_Ratio0.7046_AL_.jpg,Coco,Coco (2017),1h 45min,"Animation, Adventure, Drama",PG,8.4,542167,"Aspiring musician Miguel, confronted with his family's ancestral ban on music, enters the Land of the Dead to find his great-great-grandfather, a legendary singer.",210460015.0,814337054,2017,175000000.0,603877039.0
96,tt3183660,https://m.media-amazon.com/images/M/MV5BMjMxOTM1OTI4MV5BMl5BanBnXkFtZTgwODE5OTYxMDI@._V1_Ratio0.6762_AL_.jpg,Fantastic Beasts and Where to Find Them,Fantastic Beasts and Where to Find Them (2016),2h 12min,"Adventure, Family, Fantasy",PG-13,7.2,490997,The adventures of writer Newt Scamander in New York's secret community of witches and wizards seventy years before Harry Potter reads his book in school.,234037575.0,814044001,2016,180000000.0,580006426.0
97,tt0413267,https://m.media-amazon.com/images/M/MV5BOTgyMjc3ODk2MV5BMl5BanBnXkFtZTcwMjY0MjEzMw@@._V1_Ratio0.6762_AL_.jpg,Shrek the Third,Shrek the Third (2007),1h 33min,"Animation, Adventure, Comedy",PG,6.1,319740,"Reluctantly designated as the heir to the land of Far, Far Away, Shrek hatches a plan to install the rebellious Artie as the new king while Princess Fiona tries to fend off a coup d'état by the jilted Prince Charming.",322719944.0,813367380,2007,160000000.0,490647436.0
98,tt7975244,https://m.media-amazon.com/images/M/MV5BOTVjMmFiMDUtOWQ4My00YzhmLWE3MzEtODM1NDFjMWEwZTRkXkEyXkFqcGdeQXVyMTkxNjUyNQ@@._V1_Ratio0.6762_AL_.jpg,Jumanji: The Next Level,Jumanji: The Next Level (2019),2h 3min,"Action, Adventure, Comedy",PG-13,6.7,263436,"In Jumanji: The Next Level, the gang is back but the game has changed. As they return to rescue one of their own, the players will have to brave parts unknown from arid deserts to snowy mountains, to escape the world's most dangerous game.",320314960.0,801693929,2019,125000000.0,481378969.0
99,tt0304141,https://m.media-amazon.com/images/M/MV5BMTY4NTIwODg0N15BMl5BanBnXkFtZTcwOTc0MjEzMw@@._V1_Ratio0.6762_AL_.jpg,Harry Potter and the Prisoner of Azkaban,Harry Potter and the Prisoner of Azkaban (2004),2h 22min,"Adventure, Family, Fantasy",PG,7.9,661017,"Harry Potter, Ron and Hermione return to Hogwarts School of Witchcraft and Wizardry for their third year of study, where they delve into the mystery surrounding an escaped prisoner who poses a dangerous threat to the young wizard.",250105651.0,797660766,2004,130000000.0,547555115.0
100,tt1790809,https://m.media-amazon.com/images/M/MV5BMTYyMTcxNzc5M15BMl5BanBnXkFtZTgwOTg2ODE2MTI@._V1_Ratio0.6762_AL_.jpg,Pirates of the Caribbean: Dead Men Tell No Tales,Pirates of the Caribbean: Dead Men Tell No Tales (2017),2h 9min,"Action, Adventure, Fantasy",PG-13,6.5,327811,Captain Jack Sparrow is pursued by old rival Captain Salazar and a crew of deadly ghosts who have escaped from the Devil's Triangle. They're determined to kill every pirate at sea...notably Jack.,172558876.0,795922298,2017,230000000.0,623363422.0
101,tt0083866,https://m.media-amazon.com/images/M/MV5BMTQ2ODFlMDAtNzdhOC00ZDYzLWE3YTMtNDU4ZGFmZmJmYTczXkEyXkFqcGdeQXVyMTQxNzMzNDI@._V1_Ratio0.6762_AL_.jpg,E.T. the Extra-Terrestrial,E.T. the Extra-Terrestrial (1982),1h 55min,"Adventure, Family, Sci-Fi",PG,7.9,422040,A troubled child summons the courage to help a friendly alien escape from Earth and return to his home planet.,437141279.0,792910554,1982,10500000.0,355769275.0
102,tt4912910,https://m.media-amazon.com/images/M/MV5BNjRlZmM0ODktY2RjNS00ZDdjLWJhZGYtNDljNWZkMGM5MTg0XkEyXkFqcGdeQXVyNjAwMjI5MDk@._V1_Ratio0.6762_AL_.jpg,Mission: Impossible - Fallout,Mission: Impossible - Fallout (2018),2h 27min,"Action, Adventure, Thriller",PG-13,7.7,354267,"Ethan Hunt and his IMF team, along with some familiar allies, race against time after a mission gone wrong.",220159104.0,791657398,2018,178000000.0,571498294.0
103,tt1190080,https://m.media-amazon.com/images/M/MV5BMTY0MjEyODQzMF5BMl5BanBnXkFtZTcwMTczMjQ4Mg@@._V1_Ratio0.6762_AL_.jpg,2012,2012 (2009),2h 38min,"Action, Adventure, Sci-Fi",PG-13,5.8,387726,A frustrated writer struggles to keep his family alive when a series of global catastrophes threatens to annihilate mankind.,166112167.0,791217826,2009,200000000.0,625105659.0
104,tt0367882,https://m.media-amazon.com/images/M/MV5BZmY5ZTk3ZDMtZjA1MS00NzU4LTk5ZDItYmNhOTkxMGYxMjRlXkEyXkFqcGdeQXVyMjM4MzQ4OTQ@._V1_Ratio0.6762_AL_.jpg,Indiana Jones and the Kingdom of the Crystal Skull,Indiana Jones and the Kingdom of the Crystal Skull (2008),2h 2min,"Action, Adventure",PG-13,6.2,476806,"In 1957, Indiana Jones becomes entangled in a Soviet plot to uncover the secret behind mysterious artifacts known as the Crystal Skulls.",317101119.0,790653942,2008,185000000.0,473552823.0
105,tt0316654,https://m.media-amazon.com/images/M/MV5BMzY2ODk4NmUtOTVmNi00ZTdkLTlmOWYtMmE2OWVhNTU2OTVkXkEyXkFqcGdeQXVyMTQxNzMzNDI@._V1_Ratio0.7331_AL_.jpg,Spider-Man 2,Spider-Man 2 (2004),2h 7min,"Action, Adventure, Sci-Fi",PG-13,7.4,676804,Peter Parker is beset with troubles in his failing personal life as he battles a brilliant scientist named Doctor Otto Octavius.,373585825.0,788976453,2004,200000000.0,415390628.0
106,tt1905041,https://m.media-amazon.com/images/M/MV5BMTM3NTg2NDQzOF5BMl5BanBnXkFtZTcwNjc2NzQzOQ@@._V1_Ratio0.6762_AL_.jpg,Fast & Furious 6,Fast & Furious 6 (2013),2h 10min,"Action, Adventure, Crime",PG-13,7.0,406271,"Hobbs has Dominic and Brian reassemble their crew to take down a team of mercenaries: Dominic unexpectedly gets sidetracked with facing his presumed deceased girlfriend, Letty.",238679850.0,788680968,2013,160000000.0,550001118.0
107,tt5463162,https://m.media-amazon.com/images/M/MV5BMDkzNmRhNTMtZDI4NC00Zjg1LTgxM2QtMjYxZDQ3OWJlMDRlXkEyXkFqcGdeQXVyNTU5MjkzMTU@._V1_Ratio0.6762_AL_.jpg,Deadpool 2,Deadpool 2 (2018),1h 59min,"Action, Adventure, Comedy",R,7.6,609120,"Foul-mouthed mutant mercenary Wade Wilson (a.k.a. Deadpool) assembles a team of fellow mutant rogues to protect a young boy with supernatural abilities from the brutal, time-traveling cyborg Cable.",324591735.0,785896609,2018,110000000.0,461304874.0
108,tt1431045,https://m.media-amazon.com/images/M/MV5BYzE5MjY1ZDgtMTkyNC00MTMyLThhMjAtZGI5OTE1NzFlZGJjXkEyXkFqcGdeQXVyNjU0OTQ0OTY@._V1_Ratio0.6762_AL_.jpg,Deadpool,Deadpool (2016),1h 48min,"Action, Comedy",R,8.0,1068627,"A wisecracking mercenary gets experimented on and becomes immortal but ugly, and sets out to track down the man who ruined his looks.",363070709.0,782836791,2016,58000000.0,419766082.0
109,tt0076759,https://m.media-amazon.com/images/M/MV5BOTA5NjhiOTAtZWM0ZC00MWNhLThiMzEtZDFkOTk2OTU1ZDJkXkEyXkFqcGdeQXVyMTA4NDI1NTQx._V1_Ratio0.6762_AL_.jpg,Star Wars: Episode IV - A New Hope,Star Wars: Episode IV - A New Hope (1977),2h 1min,"Action, Adventure, Fantasy",PG,8.6,1400470,"Luke Skywalker joins forces with a Jedi Knight, a cocky pilot, a Wookiee and two droids to save the galaxy from the Empire's world-destroying battle station, while also attempting to rescue Princess Leia from the mysterious Darth Vader.",460998507.0,775398007,1977,11000000.0,314399500.0
111,tt0816692,https://m.media-amazon.com/images/M/MV5BZjdkOTU3MDktN2IxOS00OGEyLWFmMjktY2FiMmZkNWIyODZiXkEyXkFqcGdeQXVyMTMxODk2OTU@._V1_Ratio0.6762_AL_.jpg,Interstellar,Interstellar (2014),2h 49min,"Adventure, Drama, Sci-Fi",PG-13,8.7,1945416,"When Earth becomes uninhabitable in the future, a farmer and ex-NASA pilot, Joseph Cooper, is tasked to pilot a spacecraft, along with a team of researchers, to find a new planet for humans.",188020017.0,773430538,2014,165000000.0,585410521.0
112,tt2015381,https://m.media-amazon.com/images/M/MV5BNDIzMTk4NDYtMjg5OS00ZGI0LWJhZDYtMzdmZGY1YWU5ZGNkXkEyXkFqcGdeQXVyMTI5NzUyMTIz._V1_Ratio0.6762_AL_.jpg,Guardians of the Galaxy,Guardians of the Galaxy (2014),2h 1min,"Action, Adventure, Comedy",PG-13,8.0,1229795,A group of intergalactic criminals must pull together to stop a fanatical warrior with plans to purge the universe.,333718600.0,773350147,2014,170000000.0,439631547.0
115,tt6806448,https://m.media-amazon.com/images/M/MV5BOTIzYmUyMmEtMWQzNC00YzExLTk3MzYtZTUzYjMyMmRiYzIwXkEyXkFqcGdeQXVyMDM2NDM2MQ@@._V1_Ratio0.6904_AL_.jpg,Fast & Furious Presents: Hobbs & Shaw,Fast & Furious Presents: Hobbs & Shaw (2019),2h 17min,"Action, Adventure, Thriller",PG-13,6.5,225515,Lawman Luke Hobbs and outcast Deckard Shaw form an unlikely alliance when a cyber-genetically enhanced villain threatens the future of humanity.,173956935.0,760732926,2019,200000000.0,586775991.0
116,tt0382625,https://m.media-amazon.com/images/M/MV5BMjIxMjQyMTc3Nl5BMl5BanBnXkFtZTcwMTA1MDUzMw@@._V1_Ratio0.6762_AL_.jpg,The Da Vinci Code,The Da Vinci Code (2006),2h 29min,"Mystery, Thriller",PG-13,6.6,445459,"A murder inside the Louvre, and clues in Da Vinci paintings, lead to the discovery of a religious mystery protected by a secret society for two thousand years, which could shake the foundations of Christianity.",217536138.0,760006945,2006,125000000.0,542470807.0
117,tt1587310,https://m.media-amazon.com/images/M/MV5BMjAwMzAzMzExOF5BMl5BanBnXkFtZTgwOTcwMDA5MTE@._V1_Ratio0.6762_AL_.jpg,Maleficent,Maleficent (2014),1h 37min,"Adventure, Family, Fantasy",PG,6.9,388135,"A vengeful fairy is driven to curse an infant princess, only to discover that the child may be the one person who can restore peace to their troubled land.",241410378.0,759853685,2014,180000000.0,518443307.0
118,tt0948470,https://m.media-amazon.com/images/M/MV5BMjMyOTM4MDMxNV5BMl5BanBnXkFtZTcwNjIyNzExOA@@._V1_Ratio0.6762_AL_.jpg,The Amazing Spider-Man,The Amazing Spider-Man (2012),2h 16min,"Action, Adventure, Sci-Fi",PG-13,6.9,677764,"After Peter Parker is bitten by a genetically altered spider, he gains newfound, spider-like powers and ventures out to save the city from the machinations of a mysterious reptilian foe.",262030663.0,757930663,2012,230000000.0,495900000.0
119,tt1951265,https://m.media-amazon.com/images/M/MV5BMTcxNDI2NDAzNl5BMl5BanBnXkFtZTgwODM3MTc2MjE@._V1_Ratio0.6762_AL_.jpg,The Hunger Games: Mockingjay - Part 1,The Hunger Games: Mockingjay - Part 1 (2014),2h 3min,"Action, Adventure, Sci-Fi",PG-13,6.6,473647,"Katniss Everdeen is in District 13 after she shatters the games forever. Under the leadership of President Coin and the advice of her trusted friends, Katniss spreads her wings as she fights to save Peeta and a nation moved by her courage.",337135885.0,755356711,2014,125000000.0,418220826.0
120,tt0892791,https://m.media-amazon.com/images/M/MV5BMTY0OTU1NzkxMl5BMl5BanBnXkFtZTcwMzI2NDUzMw@@._V1_Ratio0.6762_AL_.jpg,Shrek Forever After,Shrek Forever After (2010),1h 35min,"Animation, Adventure, Comedy",PG,6.3,215853,Rumpelstiltskin tricks a mid-life crisis burdened Shrek into allowing himself to be erased from existence and cast in a dark alternate timeline where Rumpelstiltskin rules supreme.,238736787.0,752600867,2010,165000000.0,513864080.0
121,tt1454468,https://m.media-amazon.com/images/M/MV5BNjE5MzYwMzYxMF5BMl5BanBnXkFtZTcwOTk4MTk0OQ@@._V1_Ratio0.6762_AL_.jpg,Gravity,Gravity (2013),1h 31min,"Drama, Sci-Fi, Thriller",PG-13,7.7,843220,Two astronauts work together to survive after an accident leaves them stranded in space.,274092705.0,748049949,2013,100000000.0,473957244.0
122,tt1277953,https://m.media-amazon.com/images/M/MV5BZjEzYTZjMmYtZGRjMy00ZGNjLThkMzAtY2Y4Y2E5YWYxNWU2XkEyXkFqcGdeQXVyNTIzOTk5ODM@._V1_Ratio0.6762_AL_.jpg,Madagascar 3: Europe's Most Wanted,Madagascar 3: Europe's Most Wanted (2012),1h 33min,"Animation, Adventure, Comedy",PG,6.8,189490,"The Madagascar animals join a struggling European circus to get back to New York, but find themselves being pursued by a psychotic animal-control officer.",216391482.0,746921274,2012,145000000.0,530529792.0
123,tt1386697,https://m.media-amazon.com/images/M/MV5BMjM1OTMxNzUyM15BMl5BanBnXkFtZTgwNjYzMTIzOTE@._V1_Ratio0.6762_AL_.jpg,Suicide Squad,Suicide Squad (2016),2h 3min,"Action, Adventure, Fantasy",PG-13,5.9,702255,A secret government agency recruits some of the most dangerous incarcerated super-villains to form a defensive task force. Their first mission: save the world from the apocalypse.,325100054.0,746846894,2016,175000000.0,421746840.0
124,tt1877832,https://m.media-amazon.com/images/M/MV5BNjk3MGZhMjEtOTM4NC00NzE2LTk2NzctZDc4YTUwN2E3NDhhXkEyXkFqcGdeQXVyNDc2NjEyMw@@._V1_Ratio0.6762_AL_.jpg,X-Men: Days of Future Past,X-Men: Days of Future Past (2014),2h 12min,"Action, Adventure, Sci-Fi",PG-13,7.9,726777,The X-Men send Wolverine to the past in a desperate effort to change history and prevent an event that results in doom for both humans and mutants.,233921534.0,746045700,2014,200000000.0,512124166.0
125,tt0363771,https://m.media-amazon.com/images/M/MV5BMTc0NTUwMTU5OV5BMl5BanBnXkFtZTcwNjAwNzQzMw@@._V1_Ratio0.6762_AL_.jpg,"The Chronicles of Narnia: The Lion, the Witch and the Wardrobe","The Chronicles of Narnia: The Lion, the Witch and the Wardrobe (2005)",2h 23min,"Adventure, Family, Fantasy",PG,6.9,411983,Four kids travel through a wardrobe to the land of Narnia and learn of their destiny to free it with the guidance of a mystical lion.,291710957.0,745013115,2005,180000000.0,453302158.0
126,tt1453405,https://m.media-amazon.com/images/M/MV5BMTUyODgwMDU3M15BMl5BanBnXkFtZTcwOTM4MjcxOQ@@._V1_Ratio0.6762_AL_.jpg,Monsters University,Monsters University (2013),1h 44min,"Animation, Adventure, Comedy",G,7.2,373103,"A look at the relationship between Mike Wazowski (Billy Crystal) and James P. ""Sully"" Sullivan (John Goodman) during their days at Monsters University, when they weren't necessarily the best of friends.",268492764.0,743559645,2013,200000000.0,475066881.0
127,tt0234215,https://m.media-amazon.com/images/M/MV5BODE0MzZhZTgtYzkwYi00YmI5LThlZWYtOWRmNWE5ODk0NzMxXkEyXkFqcGdeQXVyNjU0OTQ0OTY@._V1_Ratio0.6762_AL_.jpg,The Matrix Reloaded,The Matrix Reloaded (2003),2h 18min,"Action, Sci-Fi",R,7.2,609082,"Freedom fighters Neo, Trinity and Morpheus continue to lead the revolt against the Machine Army, unleashing their arsenal of extraordinary skills and weaponry against the systematic forces of repression and exploitation.",281576461.0,741847937,2003,150000000.0,460271476.0
128,tt1049413,https://m.media-amazon.com/images/M/MV5BYjBkM2RjMzItM2M3Ni00N2NjLWE3NzMtMGY4MzE4MDAzMTRiXkEyXkFqcGdeQXVyNDUzOTQ5MjY@._V1_Ratio0.6762_AL_.jpg,Up,Up (2009),1h 36min,"Animation, Adventure, Comedy",PG,8.3,1075654,"78-year-old Carl Fredricksen travels to Paradise Falls in his house equipped with balloons, inadvertently taking a young stowaway.",293004164.0,735099102,2009,175000000.0,442094938.0
129,tt10627720,https://m.media-amazon.com/images/M/MV5BY2FhOGU2ZTAtODQ0ZS00MWVlLWFiMWYtYmIyYjk5NTRhZTVmXkEyXkFqcGdeQXVyOTE4NzcwNzI@._V1_Ratio0.7189_AL_.jpg,Ne Zha,Ne Zha (2019),1h 50min,"Animation, Action, Adventure",Not Rated,7.4,8120,"Born with unique powers, a boy is recruited to fight demons and save the community that fears him.",3695533.0,726264074,2019,,722568541.0
131,tt1843866,https://m.media-amazon.com/images/M/MV5BMzA2NDkwODAwM15BMl5BanBnXkFtZTgwODk5MTgzMTE@._V1_Ratio0.6904_AL_.jpg,Captain America: The Winter Soldier,Captain America: The Winter Soldier (2014),2h 16min,"Action, Adventure, Sci-Fi",PG-13,7.8,871976,"As Steve Rogers struggles to embrace his role in the modern world, he teams up with a fellow Avenger and S.H.I.E.L.D agent, Black Widow, to battle a new threat from history: an assassin known as the Winter Soldier.",259766572.0,714421503,2014,170000000.0,454654931.0
132,tt1324999,https://m.media-amazon.com/images/M/MV5BODgxNDE0OTAzOF5BMl5BanBnXkFtZTcwNzcwODE2Ng@@._V1_Ratio0.6762_AL_.jpg,The Twilight Saga: Breaking Dawn - Part 1,The Twilight Saga: Breaking Dawn - Part 1 (2011),1h 57min,"Adventure, Drama, Fantasy",PG-13,4.9,247194,"The Quileutes close in on expecting parents Edward and Bella, whose unborn child poses a threat to the Wolf Pack and the towns people of Forks.",281287133.0,712205856,2011,110000000.0,430918723.0
133,tt1259571,https://m.media-amazon.com/images/M/MV5BMTI3MjE3NDIxNF5BMl5BanBnXkFtZTcwODM3NTY5Mg@@._V1_Ratio0.6762_AL_.jpg,The Twilight Saga: New Moon,The Twilight Saga: New Moon (2009),2h 10min,"Adventure, Drama, Fantasy",PG-13,4.8,291602,"Edward leaves Bella after an attack that nearly claimed her life, and, in her depression, she falls into yet another difficult relationship - this time with her close friend, Jacob Black.",297816253.0,711025481,2009,50000000.0,413209228.0
134,tt2103281,https://m.media-amazon.com/images/M/MV5BMTgwODk3NDc1N15BMl5BanBnXkFtZTgwNTc1NjQwMjE@._V1_Ratio0.6762_AL_.jpg,Dawn of the Planet of the Apes,Dawn of the Planet of the Apes (2014),2h 10min,"Action, Adventure, Drama",PG-13,7.6,453479,The fragile peace between apes and humans is threatened as mistrust and betrayal threaten to plunge both tribes into a war for dominance over the Earth.,208545589.0,710644566,2014,170000000.0,502098977.0
135,tt0418279,https://m.media-amazon.com/images/M/MV5BNWI1NjkxM2MtOTU4My00YzQ5LTliNGMtNmFlM2U5NWM3MDY1XkEyXkFqcGdeQXVyNTUyMzE4Mzg@._V1_Ratio0.7117_AL_.jpg,Transformers,Transformers (2007),2h 24min,"Action, Adventure, Sci-Fi",PG-13,7.0,657666,"An ancient struggle between two Cybertronian races, the heroic Autobots and the evil Decepticons, comes to Earth, with a clue to the ultimate power held by a teenager.",319246193.0,709709780,2007,150000000.0,390463587.0
136,tt1872181,https://m.media-amazon.com/images/M/MV5BOTA5NDYxNTg0OV5BMl5BanBnXkFtZTgwODE5NzU1MTE@._V1_Ratio0.6762_AL_.jpg,The Amazing Spider-Man 2,The Amazing Spider-Man 2 (2014),2h 22min,"Action, Adventure, Sci-Fi",PG-13,6.6,517232,"When New York is put under siege by Oscorp, it is up to Spider-Man to save the city he swore to protect as well as his loved ones.",202853933.0,708982323,2014,200000000.0,506128390.0
138,tt1396484,https://m.media-amazon.com/images/M/MV5BZDVkZmI0YzAtNzdjYi00ZjhhLWE1ODEtMWMzMWMzNDA0NmQ4XkEyXkFqcGdeQXVyNzYzODM3Mzg@._V1_Ratio0.6762_AL_.jpg,It,It (2017),2h 15min,Horror,R,7.3,572824,"In the summer of 1989, a group of bullied kids band together to destroy a shape-shifting monster, which disguises itself as a clown and preys on the children of Derry, their small Maine town.",328874981.0,701842551,2017,35000000.0,372967570.0
139,tt7605074,https://m.media-amazon.com/images/M/MV5BMjE2NzZlMGItMzA4OS00ZjRiLTk3NzItMDRkOGFlZmNhYzJkXkEyXkFqcGdeQXVyNzI1NzMxNzM@._V1_Ratio0.7189_AL_.jpg,The Wandering Earth,The Wandering Earth (2019),2h 5min,"Action, Adventure, Sci-Fi",TV-MA,5.9,34323,"As the sun is dying out, people all around the world build giant planet thrusters to move Earth out of its orbit and sail Earth to a new star system. Yet the 2500-year journey comes with unexpected dangers, and in order to save humanity, a group of young people in this age of a wandering Earth fight hard for the survival of humankind.",5971413.0,699992512,2019,48000000.0,694021099.0
140,tt1325004,https://m.media-amazon.com/images/M/MV5BNDMwNjAzNzYwOF5BMl5BanBnXkFtZTcwMDY5NzcyMw@@._V1_Ratio0.6762_AL_.jpg,The Twilight Saga: Eclipse,The Twilight Saga: Eclipse (2010),2h 4min,"Action, Adventure, Drama",PG-13,5.1,253033,"As a string of mysterious killings grips Seattle, Bella, whose high school graduation is fast approaching, is forced to choose between her love for vampire Edward and her friendship with werewolf Jacob.",300531751.0,698509825,2010,68000000.0,397978074.0
141,tt1229238,https://m.media-amazon.com/images/M/MV5BMTY4MTUxMjQ5OV5BMl5BanBnXkFtZTcwNTUyMzg5Ng@@._V1_Ratio0.6762_AL_.jpg,Mission: Impossible - Ghost Protocol,Mission: Impossible - Ghost Protocol (2011),2h 12min,"Action, Adventure, Thriller",PG-13,7.4,507278,"The IMF is shut down when it's implicated in the bombing of the Kremlin, causing Ethan Hunt and his new team to go rogue to clear their organization's name.",209397903.0,694713380,2011,145000000.0,485315477.0
142,tt0795421,https://m.media-amazon.com/images/M/MV5BMTA2MDU0MjM0MzReQTJeQWpwZ15BbWU3MDYwNzgwNzE@._V1_Ratio0.6762_AL_.jpg,Mamma Mia!,Mamma Mia! (2008),1h 48min,"Comedy, Musical, Romance",PG-13,6.5,258923,The story of a bride-to-be trying to find her real father told using hit songs by the popular 1970s group ABBA.,144169664.0,694478392,2008,52000000.0,550308728.0
143,tt1392170,https://m.media-amazon.com/images/M/MV5BMjA4NDg3NzYxMF5BMl5BanBnXkFtZTcwNTgyNzkyNw@@._V1_Ratio0.6762_AL_.jpg,The Hunger Games,The Hunger Games (2012),2h 22min,"Action, Adventure, Sci-Fi",PG-13,7.2,952426,Katniss Everdeen voluntarily takes her younger sister's place in the Hunger Games: a televised competition in which two teenagers from each of the twelve Districts of Panem are chosen at random to fight to the death.,408010692.0,694394724,2012,78000000.0,286384032.0
144,tt3521164,https://m.media-amazon.com/images/M/MV5BMjI4MzU5NTExNF5BMl5BanBnXkFtZTgwNzY1MTEwMDI@._V1_Ratio0.6762_AL_.jpg,Moana,Moana (2016),1h 47min,"Animation, Adventure, Comedy",PG,7.6,356086,"In Ancient Polynesia, when a terrible curse incurred by the Demigod Maui reaches Moana's island, she answers the Ocean's call to seek out the Demigod to set things right.",248757044.0,687228908,2016,150000000.0,438471864.0
146,tt2381249,https://m.media-amazon.com/images/M/MV5BOTFmNDA3ZjMtN2Y0MC00NDYyLWFlY2UtNTQ4OTQxMmY1NmVjXkEyXkFqcGdeQXVyNTg4NDQ4NDY@._V1_Ratio0.6762_AL_.jpg,Mission: Impossible - Rogue Nation,Mission: Impossible - Rogue Nation (2015),2h 11min,"Action, Adventure, Thriller",PG-13,7.4,386247,Ethan and his team take on their most impossible mission yet when they have to eradicate an international rogue organization as highly skilled as they are and committed to destroying the IMF.,195042377.0,682716636,2015,150000000.0,487674259.0
147,tt0109830,https://m.media-amazon.com/images/M/MV5BNWIwODRlZTUtY2U3ZS00Yzg1LWJhNzYtMmZiYmEyNmU1NjMzXkEyXkFqcGdeQXVyMTQxNzMzNDI@._V1_Ratio0.6904_AL_.jpg,Forrest Gump,Forrest Gump (1994),2h 22min,"Drama, Romance",PG-13,8.8,2148029,"The history of the United States from the 1950s to the '70s unfolds from the perspective of an Alabama man with an IQ of 75, who yearns to be reunited with his childhood sweetheart.",330455270.0,678226465,1994,55000000.0,347771195.0
148,tt1211837,https://m.media-amazon.com/images/M/MV5BNjgwNzAzNjk1Nl5BMl5BanBnXkFtZTgwMzQ2NjI1OTE@._V1_Ratio0.6762_AL_.jpg,Doctor Strange,Doctor Strange (2016),1h 55min,"Action, Adventure, Fantasy",PG-13,7.5,761850,"While on a journey of physical and spiritual healing, a brilliant neurosurgeon is drawn into the world of the mystic arts.",232641920.0,677796076,2016,165000000.0,445154156.0
150,tt0167404,https://m.media-amazon.com/images/M/MV5BMWM4NTFhYjctNzUyNi00NGMwLTk3NTYtMDIyNTZmMzRlYmQyXkEyXkFqcGdeQXVyMTAwMzUyOTc@._V1_Ratio0.6762_AL_.jpg,The Sixth Sense,The Sixth Sense (1999),1h 47min,"Drama, Mystery, Thriller",PG-13,8.2,1015463,"Malcolm Crowe, a child psychologist, starts treating a young boy, Cole, who encounters dead people and convinces him to help them. In turn, Cole helps Malcolm reconcile with his estranged wife.",293506292.0,672806432,1999,40000000.0,379300140.0
151,tt0770828,https://m.media-amazon.com/images/M/MV5BMTk5ODk1NDkxMF5BMl5BanBnXkFtZTcwNTA5OTY0OQ@@._V1_Ratio0.6762_AL_.jpg,Man of Steel,Man of Steel (2013),2h 23min,"Action, Adventure, Sci-Fi",PG-13,7.1,791820,An alien child is evacuated from his dying world and sent to Earth to live among humans. His peace is threatened when other survivors of his home planet invade Earth.,291045518.0,668045518,2013,225000000.0,377000000.0
152,tt0438097,https://m.media-amazon.com/images/M/MV5BMjAwODg3OTAxMl5BMl5BanBnXkFtZTcwMjg2NjYyMw@@._V1_Ratio0.6762_AL_.jpg,Ice Age: The Meltdown,Ice Age: The Meltdown (2006),1h 31min,"Animation, Adventure, Comedy",PG,6.8,287808,"Manny, Sid and Diego discover that the ice age is coming to an end, and join everybody for a journey to higher ground. On the trip, they discover that Manny is not in fact the last of the woolly mammoths.",195330621.0,667094506,2006,80000000.0,471763885.0
153,tt1302011,https://m.media-amazon.com/images/M/MV5BYzQ0ZWIxZjAtYWI3Yy00MGM0LWFjOGYtNzcyYThiOTA3ODI1XkEyXkFqcGdeQXVyODE5NzE3OTE@._V1_Ratio0.6762_AL_.jpg,Kung Fu Panda 2,Kung Fu Panda 2 (2011),1h 30min,"Animation, Action, Adventure",PG,7.2,300895,"Po and his friends fight to stop a peacock villain from conquering China with a deadly new weapon, but first the Dragon Warrior must come to terms with his past.",165249063.0,665692281,2011,150000000.0,500443218.0
154,tt0974015,https://m.media-amazon.com/images/M/MV5BYWVhZjZkYTItOGIwYS00NmRkLWJlYjctMWM0ZjFmMDU4ZjEzXkEyXkFqcGdeQXVyMTMxODk2OTU@._V1_Ratio0.6762_AL_.jpg,Justice League,Justice League (2017),2h,"Action, Adventure, Fantasy",PG-13,6.1,466389,"Fueled by his restored faith in humanity and inspired by Superman's selfless act, Bruce Wayne enlists the help of his new-found ally, Diana Prince, to face an even greater enemy.",229024295.0,657926987,2017,300000000.0,428902692.0
155,tt2245084,https://m.media-amazon.com/images/M/MV5BMDliOTIzNmUtOTllOC00NDU3LWFiNjYtMGM0NDc1YTMxNjYxXkEyXkFqcGdeQXVyNTM3NzExMDQ@._V1_Ratio0.7046_AL_.jpg,Big Hero 6,Big Hero 6 (2014),1h 42min,"Animation, Action, Adventure",PG,7.8,480765,"A special bond develops between plus-sized inflatable robot Baymax and prodigy Hiro Hamada, who together team up with a group of friends to form a band of high-tech heroes.",222527828.0,657869686,2014,165000000.0,435341858.0
156,tt4123430,https://m.media-amazon.com/images/M/MV5BYWVlMDI5N2UtZTIyMC00NjZkLWI5Y2QtODM5NGE5MzA0NmVjXkEyXkFqcGdeQXVyNzU3NjUxMzE@._V1_Ratio0.6762_AL_.jpg,Fantastic Beasts: The Crimes of Grindelwald,Fantastic Beasts: The Crimes of Grindelwald (2018),2h 14min,"Adventure, Family, Fantasy",PG-13,6.5,295248,"The second installment of the ""Fantastic Beasts"" series featuring the adventures of Magizoologist Newt Scamander.",159555901.0,654855901,2018,200000000.0,495300000.0
157,tt0325980,https://m.media-amazon.com/images/M/MV5BNGYyZGM5MGMtYTY2Ni00M2Y1LWIzNjQtYWUzM2VlNGVhMDNhXkEyXkFqcGdeQXVyMTMxODk2OTU@._V1_Ratio0.6762_AL_.jpg,Pirates of the Caribbean: The Curse of the Black Pearl,Pirates of the Caribbean: The Curse of the Black Pearl (2003),2h 23min,"Action, Adventure, Fantasy",PG-13,8.1,1162359,"Blacksmith Will Turner teams up with eccentric pirate ""Captain"" Jack Sparrow to save his love, the governor's daughter, from Jack's former pirate allies, who are now undead.",305413918.0,654264015,2003,140000000.0,348850097.0
158,tt1409024,https://m.media-amazon.com/images/M/MV5BMTU2NTYxODcwMF5BMl5BanBnXkFtZTcwNDk1NDY0Nw@@._V1_Ratio0.6762_AL_.jpg,Men in Black 3,Men in Black 3 (2012),1h 46min,"Action, Adventure, Comedy",PG-13,6.8,374920,Agent J travels in time to M.I.B.'s early days in 1969 to stop an alien from assassinating his friend Agent K and changing history.,179020854.0,654213485,2012,225000000.0,475192631.0
159,tt0121765,https://m.media-amazon.com/images/M/MV5BMDAzM2M0Y2UtZjRmZi00MzVlLTg4MjEtOTE3NzU5ZDVlMTU5XkEyXkFqcGdeQXVyNDUyOTg3Njg@._V1_Ratio0.6762_AL_.jpg,Star Wars: Episode II - Attack of the Clones,Star Wars: Episode II - Attack of the Clones (2002),2h 22min,"Action, Adventure, Fantasy",PG,6.6,733285,"Ten years after initially meeting, Anakin Skywalker shares a forbidden romance with Padmé Amidala, while Obi-Wan Kenobi discovers a secret clone army crafted for the Jedi.",310676740.0,653779970,2002,115000000.0,343103230.0
160,tt1951266,https://m.media-amazon.com/images/M/MV5BNjQzNDI2NTU1Ml5BMl5BanBnXkFtZTgwNTAyMDQ5NjE@._V1_Ratio0.6762_AL_.jpg,The Hunger Games: Mockingjay - Part 2,The Hunger Games: Mockingjay - Part 2 (2015),2h 17min,"Action, Adventure, Sci-Fi",PG-13,6.5,345736,Katniss and a team of rebels from District 13 prepare for the final battle that will decide the fate of Panem.,281723902.0,653428261,2015,160000000.0,371704359.0
161,tt1981115,https://m.media-amazon.com/images/M/MV5BMTQyNzAwOTUxOF5BMl5BanBnXkFtZTcwMTE0OTc5OQ@@._V1_Ratio0.7046_AL_.jpg,Thor: The Dark World,Thor: The Dark World (2013),1h 52min,"Action, Adventure, Fantasy",PG-13,6.8,701553,"When the Dark Elves attempt to plunge the universe into darkness, Thor must embark on a perilous and personal journey that will reunite him with doctor Jane Foster.",206362140.0,644783140,2013,170000000.0,438421000.0
162,tt3470600,https://m.media-amazon.com/images/M/MV5BMTYzODYzODU2Ml5BMl5BanBnXkFtZTgwNTc1MTA2NzE@._V1_Ratio0.6762_AL_.jpg,Sing,Sing (2016),1h 48min,"Animation, Comedy, Family",PG,7.1,180115,"In a city of humanoid animals, a hustling theater impresario's attempt to save his theater with a singing competition becomes grander than he anticipates even as its finalists find that their lives will never be the same.",270578425.0,634338384,2016,75000000.0,363759959.0
163,tt0441773,https://m.media-amazon.com/images/M/MV5BODJkZTZhMWItMDI3Yy00ZWZlLTk4NjQtOTI1ZjU5NjBjZTVjXkEyXkFqcGdeQXVyODE5NzE3OTE@._V1_Ratio0.6904_AL_.jpg,Kung Fu Panda,Kung Fu Panda (2008),1h 32min,"Animation, Action, Adventure",PG,7.6,492192,"To everyone's surprise, including his own, Po, an overweight, clumsy panda, is chosen as protector of the Valley of Peace. His suitability will soon be tested as the valley's arch-enemy is on his way.",215771591.0,632083197,2008,130000000.0,416311606.0
164,tt0317705,https://m.media-amazon.com/images/M/MV5BMTY5OTU0OTc2NV5BMl5BanBnXkFtZTcwMzU4MDcyMQ@@._V1_Ratio0.6762_AL_.jpg,The Incredibles,The Incredibles (2004),1h 55min,"Animation, Action, Adventure",PG,8.0,769562,"While trying to lead a quiet suburban life, a family of undercover superheroes are forced into action to save the world.",261441092.0,631607053,2004,92000000.0,370165961.0
165,tt3659388,https://m.media-amazon.com/images/M/MV5BMTc2MTQ3MDA1Nl5BMl5BanBnXkFtZTgwODA3OTI4NjE@._V1_Ratio0.6762_AL_.jpg,The Martian,The Martian (2015),2h 24min,"Adventure, Drama, Sci-Fi",PG-13,8.0,884373,"An astronaut becomes stranded on Mars after his team assume him dead, and must rely on his ingenuity to find a way to signal to Earth that he is alive and can survive until a potential rescue.",228433663.0,630620818,2015,108000000.0,402187155.0
166,tt0448157,https://m.media-amazon.com/images/M/MV5BMTgyMzc4ODU3NV5BMl5BanBnXkFtZTcwNjk5Mzc1MQ@@._V1_Ratio0.6762_AL_.jpg,Hancock,Hancock (2008),1h 32min,"Action, Comedy, Drama",PG-13,6.4,496260,Hancock is a superhero whose ill-considered behavior regularly causes damage in the millions. He changes when the person he saves helps him improve his public image.,227946274.0,629443428,2008,150000000.0,401497154.0
168,tt1596343,https://m.media-amazon.com/images/M/MV5BMTUxNTk5MTE0OF5BMl5BanBnXkFtZTcwMjA2NzY3NA@@._V1_Ratio0.6762_AL_.jpg,Fast Five,Fast Five (2011),2h 10min,"Action, Crime, Thriller",PG-13,7.3,395297,Dominic Toretto and his crew of street racers plan a massive heist to buy their freedom while in the sights of a powerful Brazilian drug lord and a dangerous federal agent.,209837675.0,626137675,2011,125000000.0,416300000.0
169,tt1228705,https://m.media-amazon.com/images/M/MV5BZGVkNDAyM2EtYzYxYy00ZWUxLTgwMjgtY2VmODE5OTk3N2M5XkEyXkFqcGdeQXVyNTgzMDMzMTg@._V1_Ratio0.6833_AL_.jpg,Iron Man 2,Iron Man 2 (2010),2h 4min,"Action, Sci-Fi",PG-13,6.9,837191,"With the world now aware of his identity as Iron Man, Tony Stark must contend with both his declining health and a vengeful mad man with ties to his father's legacy.",312433331.0,623933331,2010,200000000.0,311500000.0
170,tt0382932,https://m.media-amazon.com/images/M/MV5BMTMzODU0NTkxMF5BMl5BanBnXkFtZTcwMjQ4MzMzMw@@._V1_Ratio0.6762_AL_.jpg,Ratatouille,Ratatouille (2007),1h 51min,"Animation, Adventure, Comedy",G,8.1,776791,A rat who can cook makes an unusual alliance with a young kitchen worker at a famous Paris restaurant.,206445654.0,623726085,2007,150000000.0,417280431.0
171,tt5095030,https://m.media-amazon.com/images/M/MV5BYjcyYTk0N2YtMzc4ZC00Y2E0LWFkNDgtNjE1MzZmMGE1YjY1XkEyXkFqcGdeQXVyMTMxODk2OTU@._V1_Ratio0.6762_AL_.jpg,Ant-Man and the Wasp,Ant-Man and the Wasp (2018),1h 58min,"Action, Adventure, Comedy",PG-13,7.0,428471,"As Scott Lang balances being both a superhero and a father, Hope van Dyne and Dr. Hank Pym present an urgent new mission that finds the Ant-Man fighting alongside The Wasp to uncover secrets from their past.",216648740.0,622674139,2018,162000000.0,406025399.0
172,tt1646971,https://m.media-amazon.com/images/M/MV5BMzMwMTAwODczN15BMl5BanBnXkFtZTgwMDk2NDA4MTE@._V1_Ratio0.6762_AL_.jpg,How to Train Your Dragon 2,How to Train Your Dragon 2 (2014),1h 42min,"Animation, Action, Adventure",PG,7.8,349830,"When Hiccup and Toothless discover an ice cave that is home to hundreds of new wild dragons and the mysterious Dragon Rider, the two friends find themselves at the center of a battle to protect the peace.",177002924.0,621537519,2014,145000000.0,444534595.0
173,tt3315342,https://m.media-amazon.com/images/M/MV5BYzc5MTU4N2EtYTkyMi00NjdhLTg3NWEtMTY4OTEyMzJhZTAzXkEyXkFqcGdeQXVyNjc1NTYyMjg@._V1_Ratio0.6762_AL_.jpg,Logan,Logan (2017),2h 17min,"Action, Drama, Sci-Fi",R,8.1,793539,"In a future where mutants are nearly extinct, an elderly and weary Logan leads a quiet life. But when Laura, a mutant child pursued by scientists, comes to him for help, he must get her to safety.",226277068.0,619179950,2017,97000000.0,392902882.0
174,tt0119567,https://m.media-amazon.com/images/M/MV5BMDFlMmM4Y2QtNDg1ZS00MWVlLTlmODgtZDdhYjY5YjdhN2M0XkEyXkFqcGdeQXVyNTI4MjkwNjA@._V1_Ratio0.6833_AL_.jpg,The Lost World: Jurassic Park,The Lost World: Jurassic Park (1997),2h 9min,"Action, Adventure, Sci-Fi",PG-13,6.5,430470,"A research team is sent to the Jurassic Park Site B island to study the dinosaurs there, while an InGen team approaches with another agenda.",229086679.0,618638999,1997,73000000.0,389552320.0
175,tt0381061,https://m.media-amazon.com/images/M/MV5BYmI3MmMzMGMtNzc4Ni00YWQ4LWFkMDYtNjVlOWU3ZGZiNjY1XkEyXkFqcGdeQXVyNDQ2MTMzODA@._V1_Ratio0.6762_AL_.jpg,Casino Royale,Casino Royale (2006),2h 24min,"Action, Adventure, Thriller",PG-13,8.0,673129,"After earning 00 status and a licence to kill, secret agent James Bond sets out on his first mission as 007. Bond must defeat a private banker funding terrorists in a high-stakes game of poker at Casino Royale, Montenegro.",167445960.0,616505162,2006,150000000.0,449059202.0
176,tt0335345,https://m.media-amazon.com/images/M/MV5BYjE2MDNhMzItNmMzNi00NzY1LWIwNTktNmE5ZWE4OTcyNjJhXkEyXkFqcGdeQXVyMjUzOTY1NTc@._V1_Ratio0.6762_AL_.jpg,The Passion of the Christ,The Passion of the Christ (2004),2h 7min,Drama,R,7.2,240672,"Depicts the final twelve hours in the life of Jesus of Nazareth, on the day of his crucifixion in Jerusalem.",370782930.0,612054506,2004,30000000.0,241271576.0
177,tt0454876,https://m.media-amazon.com/images/M/MV5BNTg2OTY2ODg5OF5BMl5BanBnXkFtZTcwODM5MTYxOA@@._V1_Ratio0.6762_AL_.jpg,Life of Pi,Life of Pi (2012),2h 7min,"Adventure, Drama, Fantasy",PG,7.9,647558,"A young man who survives a disaster at sea is hurtled into an epic journey of adventure and discovery. While cast away, he forms an unexpected connection with another survivor: a fearsome Bengal tiger.",124987023.0,609016565,2012,120000000.0,484029542.0
178,tt1677720,https://m.media-amazon.com/images/M/MV5BY2JiYTNmZTctYTQ1OC00YjU4LWEwMjYtZjkwY2Y5MDI0OTU3XkEyXkFqcGdeQXVyNTI4MzE4MDU@._V1_Ratio0.6762_AL_.jpg,Ready Player One,Ready Player One (2018),2h 20min,"Action, Adventure, Sci-Fi",PG-13,7.4,458727,"When the creator of a virtual reality called the OASIS dies, he makes a posthumous challenge to all OASIS users to find his Easter Egg, which will give the finder his fortune and control of his world.",137715350.0,607274134,2018,175000000.0,469558784.0
179,tt3371366,https://m.media-amazon.com/images/M/MV5BN2YwOWM4ODgtZTMzMi00ZmFmLTk5NTEtNmY4ZDcwNzQxNDhjXkEyXkFqcGdeQXVyNTI0NzAyNjY@._V1_Ratio0.6762_AL_.jpg,Transformers: The Last Knight,Transformers: The Last Knight (2017),2h 34min,"Action, Adventure, Sci-Fi",PG-13,5.2,160529,"A deadly threat from Earth's history reappears and a hunt for a lost artifact takes place between Autobots and Decepticons, while Optimus Prime encounters his creator in space.",130168683.0,605425157,2017,217000000.0,475256474.0
180,tt0479952,https://m.media-amazon.com/images/M/MV5BNTE2YzljYzAtMzRlMi00ZmY1LThiMTMtZGQ3OTI3MTNmOWI2XkEyXkFqcGdeQXVyNTIzOTk5ODM@._V1_Ratio0.6762_AL_.jpg,Madagascar: Escape 2 Africa,Madagascar: Escape 2 Africa (2008),1h 29min,"Animation, Adventure, Comedy",PG,6.6,238033,"The Madagascar animals fly back to New York City, but crash-land on an African nature reserve in Kenya, where they meet others of their own kind, and Alex especially discovers his royal heritage as prince of a lion pride.",180010950.0,603900354,2008,150000000.0,423889404.0
181,tt0407304,https://m.media-amazon.com/images/M/MV5BNDUyODAzNDI1Nl5BMl5BanBnXkFtZTcwMDA2NDAzMw@@._V1_Ratio0.6762_AL_.jpg,War of the Worlds,War of the Worlds (2005),1h 56min,"Action, Adventure, Sci-Fi",PG-13,6.5,462392,An alien invasion threatens the future of humanity. The catastrophic nightmare is depicted through the eyes of one American family fighting for survival.,234280354.0,603873119,2005,132000000.0,369592765.0
182,tt0398286,https://m.media-amazon.com/images/M/MV5BMTAxNDYxMjg0MjNeQTJeQWpwZ15BbWU3MDcyNTk2OTM@._V1_Ratio0.6762_AL_.jpg,Tangled,Tangled (2010),1h 40min,"Animation, Adventure, Comedy",PG,7.7,472443,"The magically long-haired Rapunzel has spent her entire life in a tower, but now that a runaway thief has stumbled upon her, she is about to discover the world for the first time, and who she really is.",200821936.0,592462816,2010,260000000.0,391640880.0
183,tt0830515,https://m.media-amazon.com/images/M/MV5BMzhjYzlmYjQtYmU0Yy00NjNkLWFmOTQtZjQxZWU4NjY1Y2M4XkEyXkFqcGdeQXVyMjUzOTY1NTc@._V1_Ratio0.6762_AL_.jpg,Quantum of Solace,Quantum of Solace (2008),1h 46min,"Action, Adventure, Mystery",PG-13,6.6,459854,James Bond descends into mystery as he tries to stop a mysterious organisation from eliminating a country's most valuable resource.,168368427.0,589580482,2008,200000000.0,421212055.0
184,tt0119654,https://m.media-amazon.com/images/M/MV5BOTlhYTVkMDktYzIyNC00NzlkLTlmN2ItOGEyMWQ4OTA2NDdmXkEyXkFqcGdeQXVyNTAyODkwOQ@@._V1_Ratio0.6762_AL_.jpg,Men in Black,Men in Black (1997),1h 38min,"Action, Adventure, Comedy",PG-13,7.3,588706,A police officer joins a secret organization that polices and monitors extraterrestrial interactions on Earth.,250690539.0,589390539,1997,90000000.0,338700000.0
185,tt0481499,https://m.media-amazon.com/images/M/MV5BMTcyOTc2OTA1Ml5BMl5BanBnXkFtZTcwOTI1MjkzOQ@@._V1_Ratio0.6762_AL_.jpg,The Croods,The Croods (2013),1h 38min,"Animation, Action, Adventure",PG,7.2,222517,"After their cave is destroyed, a caveman family must trek through an unfamiliar fantastical world with the help of an inventive boy.",187168425.0,587235983,2013,135000000.0,400067558.0
186,tt1411697,https://m.media-amazon.com/images/M/MV5BMTM2MTM4MzY2OV5BMl5BanBnXkFtZTcwNjQ3NzI4NA@@._V1_Ratio0.6762_AL_.jpg,The Hangover Part II,The Hangover Part II (2011),1h 42min,Comedy,R,6.5,517583,"Two years after the bachelor party in Las Vegas, Phil, Stu, Alan, and Doug jet to Thailand for Stu's wedding. Stu's plan for a subdued pre-wedding brunch, however, goes seriously awry.",254464305.0,586764305,2011,80000000.0,332300000.0
187,tt0371746,https://m.media-amazon.com/images/M/MV5BMTczNTI2ODUwOF5BMl5BanBnXkFtZTcwMTU0NTIzMw@@._V1_Ratio0.6762_AL_.jpg,Iron Man,Iron Man (2008),2h 6min,"Action, Adventure, Sci-Fi",PG-13,7.9,1088516,"After being held captive in an Afghan cave, billionaire engineer Tony Stark creates a unique weaponized suit of armor to fight evil.",319034126.0,585796247,2008,140000000.0,266762121.0
188,tt0480249,https://m.media-amazon.com/images/M/MV5BYTE1ZTBlYzgtNmMyNS00ZTQ2LWE4NjEtZjUxNDJkNTg2MzlhXkEyXkFqcGdeQXVyNjU0OTQ0OTY@._V1_Ratio0.6762_AL_.jpg,I Am Legend,I Am Legend (2007),1h 41min,"Action, Drama, Horror",PG-13,7.2,783404,"Years after a plague kills most of humanity and transforms the rest into monsters, the sole survivor in New York City struggles valiantly to find a cure.",256393010.0,585410052,2007,150000000.0,329017042.0
189,tt0198781,https://m.media-amazon.com/images/M/MV5BMTY1NTI0ODUyOF5BMl5BanBnXkFtZTgwNTEyNjQ0MDE@._V1_Ratio0.6762_AL_.jpg,"Monsters, Inc.","Monsters, Inc. (2001)",1h 32min,"Animation, Adventure, Comedy",G,8.1,937852,"In order to power the city, monsters have to scare children so that they scream. However, the children are toxic to the monsters, and after a child gets through, two monsters realize things may not be what they think.",290642256.0,579707738,2001,115000000.0,289065482.0
190,tt6878882,https://m.media-amazon.com/images/M/MV5BOTViMmI4ZTEtMzY0Zi00NjMwLWJhMzAtMmU2OTE4N2M4MzI4XkEyXkFqcGdeQXVyNjc2NjA2NTE@._V1_Ratio0.7189_AL_.jpg,Operation Red Sea,Operation Red Sea (2018),2h 22min,"Action, Drama, Thriller",TV-MA,6.6,7562,PLA Navy Marine Corps launch a hostage rescue operation in the fictional Republic of Ihwea and undergo a fierce battle with rebellions and terrorism.,1543547.0,579330426,2018,70000000.0,577786879.0
191,tt0477347,https://m.media-amazon.com/images/M/MV5BMTQyOTM4MDMxN15BMl5BanBnXkFtZTcwODg5NTQzMw@@._V1_Ratio0.6833_AL_.jpg,Night at the Museum,Night at the Museum (2006),1h 48min,"Adventure, Comedy, Family",PG,6.5,363016,A newly recruited night security guard at the Museum of Natural History discovers that an ancient curse causes the animals and exhibits on display to come to life and wreak havoc.,250863268.0,574481229,2006,110000000.0,323617961.0
192,tt2322441,https://m.media-amazon.com/images/M/MV5BMjE1MTM4NDAzOF5BMl5BanBnXkFtZTgwNTMwNjI0MzE@._V1_Ratio0.6762_AL_.jpg,Fifty Shades of Grey,Fifty Shades of Grey (2015),2h 5min,"Drama, Romance, Thriller",R,4.2,326282,"Literature student Anastasia Steele's life changes forever when she meets handsome, yet tormented, billionaire Christian Grey.",166167230.0,569651467,2015,40000000.0,403484237.0
193,tt3731562,https://m.media-amazon.com/images/M/MV5BMWUxNjZiNTAtZmMwMi00MmYxLTkxZGEtZWE1MzU0OWFjOTNhXkEyXkFqcGdeQXVyNzk1MzI3MTI@._V1_Ratio0.6762_AL_.jpg,Kong: Skull Island,Kong: Skull Island (2017),1h 58min,"Action, Adventure, Fantasy",PG-13,6.6,332597,"After the Vietnam war, a team of scientists explores an uncharted island in the Pacific, venturing into the domain of the mighty Kong and must fight to escape a primal Eden.",168052812.0,566652812,2017,185000000.0,398600000.0
194,tt0472181,https://m.media-amazon.com/images/M/MV5BOTUzNTczYTMtMzdkOC00ODlkLTk1NDMtYWYxMzQyYzI1YmVjXkEyXkFqcGdeQXVyNDQ2MTMzODA@._V1_Ratio0.6762_AL_.jpg,The Smurfs,The Smurfs (2011),1h 43min,"Animation, Adventure, Comedy",PG,5.4,93799,"When the evil wizard Gargamel chases the tiny blue Smurfs out of their village, they tumble from their magical world into New York City.",142614158.0,563749323,2011,110000000.0,421135165.0
196,tt1216475,https://m.media-amazon.com/images/M/MV5BMTUzNTc3MTU3M15BMl5BanBnXkFtZTcwMzIxNTc3NA@@._V1_Ratio0.6762_AL_.jpg,Cars 2,Cars 2 (2011),1h 46min,"Animation, Adventure, Comedy",G,6.2,203355,Star race car Lightning McQueen and his pal Mater head overseas to compete in the World Grand Prix race. But the road to the championship becomes rocky as Mater gets caught up in an intriguing adventure of his own: international espionage.,191452396.0,559852396,2011,200000000.0,368400000.0
197,tt0360717,https://m.media-amazon.com/images/M/MV5BMjYxYmRlZWYtMzAwNC00MDA1LWJjNTItOTBjMzlhNGMzYzk3XkEyXkFqcGdeQXVyMTQxNzMzNDI@._V1_Ratio0.6762_AL_.jpg,King Kong,King Kong (2005),3h 7min,"Action, Adventure, Drama",PG-13,7.2,432194,"A greedy film producer assembles a team of moviemakers and sets out for the infamous Skull Island, where they find more than just cannibalistic natives.",218080025.0,556906378,2005,207000000.0,338826353.0
198,tt0448694,https://m.media-amazon.com/images/M/MV5BMTMxMTU5MTY4MV5BMl5BanBnXkFtZTcwNzgyNjg2NQ@@._V1_Ratio0.6762_AL_.jpg,Puss in Boots,Puss in Boots (2011),1h 30min,"Animation, Adventure, Comedy",PG,6.6,183349,"An outlaw cat, his childhood egg-friend, and a seductive thief kitty set out in search for the eggs of the fabled Golden Goose to clear his name, restore his lost honor, and regain the trust of his mother and town.",149260504.0,554987477,2011,130000000.0,405726973.0
199,tt4701660,https://m.media-amazon.com/images/M/MV5BYzQzZGQxZTUtZWZhMC00ODE0LWI3N2EtOThiOTg0ZDYxYjEwXkEyXkFqcGdeQXVyNjU0NzY4ODU@._V1_Ratio0.7189_AL_.jpg,The Mermaid,The Mermaid (2016),1h 34min,"Comedy, Drama, Fantasy",R,6.2,9796,"Shan, a mermaid, is sent to assassinate Xuan, a developer who threatens the ecosystem of her race, but ends up falling in love with him instead.",3232685.0,553810228,2016,60720000.0,550577543.0
