id,title,fullTitle,year,releaseState,image,runtimeMins,runtimeStr,plot,contentRating,imDbRating,imDbRatingCount,metacriticRating,genres,genreList,directors,directorList,stars,starList
tt15398776,Oppenheimer,Oppenheimer (2023),2023,21 Jul 2023,https://m.media-amazon.com/images/M/MV5BMDBmYTZjNjUtN2M1MS00MTQ2LTk2ODgtNzc2M2QyZGE5NTVjXkEyXkFqcGdeQXVyNzAwMjU2MTY@._V1_Ratio0.6699_AL_.jpg,180,180 mins,"The story of American scientist, J. Robert Oppenheimer, and his role in the development of the atomic bomb.",R,8.6,434780,88,"Biography, Drama, History","[{'key': 'Biography', 'value': 'Biography'}, {'key': 'Drama', 'value': 'Drama'}, {'key': 'History', 'value': 'History'}]",Christopher Nolan,"[{'id': 'nm0634240', 'name': 'Christopher Nolan'}]","Cillian Murphy, Emily Blunt, Matt Damon, Robert Downey Jr.","[{'id': 'nm0614165', 'name': 'Cillian Murphy'}, {'id': 'nm1289434', 'name': 'Emily Blunt'}, {'id': 'nm0000354', 'name': 'Matt Damon'}, {'id': 'nm0000375', 'name': 'Robert Downey Jr.'}]"
tt1517268,Barbie (I),Barbie (I) (2023),2023,21 Jul 2023,https://m.media-amazon.com/images/M/MV5BNjU3N2QxNzYtMjk1NC00MTc4LTk1NTQtMmUxNTljM2I0NDA5XkEyXkFqcGdeQXVyODE5NzE3OTE@._V1_Ratio0.6699_AL_.jpg,114,114 mins,Barbie suffers a crisis that leads her to question her world and her existence.,PG-13,7.2,314227,80,"Adventure, Comedy, Fantasy","[{'key': 'Adventure', 'value': 'Adventure'}, {'key': 'Comedy', 'value': 'Comedy'}, {'key': 'Fantasy', 'value': 'Fantasy'}]",Greta Gerwig,"[{'id': 'nm1950086', 'name': 'Greta Gerwig'}]","Margot Robbie, Ryan Gosling, Issa Rae, Kate McKinnon","[{'id': 'nm3053338', 'name': 'Margot Robbie'}, {'id': 'nm0331516', 'name': 'Ryan Gosling'}, {'id': 'nm4793987', 'name': 'Issa Rae'}, {'id': 'nm0571952', 'name': 'Kate McKinnon'}]"
tt17024450,The Equalizer 3,The Equalizer 3 (2023),2023,01 Sep 2023,https://m.media-amazon.com/images/M/MV5BODdiMzM2YjctZmU3ZS00MzUwLWJiYTMtMmI2NzIyMTQyOTQ1XkEyXkFqcGdeQXVyODY5NzkyMjA@._V1_Ratio0.7943_AL_.jpg,109,109 mins,"Robert McCall finds himself at home in Southern Italy but he discovers his friends are under the control of local crime bosses. As events turn deadly, McCall knows what he has to do: become his friends' protector by taking on the mafia.",R,7.1,17968,58,"Action, Crime, Thriller","[{'key': 'Action', 'value': 'Action'}, {'key': 'Crime', 'value': 'Crime'}, {'key': 'Thriller', 'value': 'Thriller'}]",Antoine Fuqua,"[{'id': 'nm0298807', 'name': 'Antoine Fuqua'}]","Denzel Washington, Dakota Fanning, Eugenio Mastrandrea, David Denman","[{'id': 'nm0000243', 'name': 'Denzel Washington'}, {'id': 'nm0266824', 'name': 'Dakota Fanning'}, {'id': 'nm5177845', 'name': 'Eugenio Mastrandrea'}, {'id': 'nm0219292', 'name': 'David Denman'}]"
tt10160976,The Nun II,The Nun II (2023),2023,08 Sep 2023,https://m.media-amazon.com/images/M/MV5BNmE5MmM2ZGEtNTVlNC00M2Q3LTliMjMtMzg5YjUyMjliZWIzXkEyXkFqcGdeQXVyMTAxNzQ1NzI@._V1_Ratio0.7943_AL_.jpg,110,110 mins,"1956 - France. A priest is murdered. An evil is spreading. The sequel to the worldwide smash hit follows Sister Irene as she once again comes face-to-face with Valak, the demon nun.",R,6,14016,47,"Horror, Mystery, Thriller","[{'key': 'Horror', 'value': 'Horror'}, {'key': 'Mystery', 'value': 'Mystery'}, {'key': 'Thriller', 'value': 'Thriller'}]",Michael Chaves,"[{'id': 'nm1980431', 'name': 'Michael Chaves'}]","Taissa Farmiga, Jonas Bloquet, Storm Reid, Anna Popplewell","[{'id': 'nm3920288', 'name': 'Taissa Farmiga'}, {'id': 'nm2997552', 'name': 'Jonas Bloquet'}, {'id': 'nm4977564', 'name': 'Storm Reid'}, {'id': 'nm0691600', 'name': 'Anna Popplewell'}]"
tt15354916,Jawan,Jawan (2023),2023,07 Sep 2023,https://m.media-amazon.com/images/M/MV5BOTE5YjY5MTItYTBmZi00NDhhLWFiOTItYjdjODRhZDA1YjM4XkEyXkFqcGdeQXVyMjMyMzI4MzY@._V1_Ratio0.6986_AL_.jpg,169,169 mins,A high-octane action thriller which outlines the emotional journey of a man who is set to rectify the wrongs in the society.,Not Rated,7.7,50608,,"Action, Thriller","[{'key': 'Action', 'value': 'Action'}, {'key': 'Thriller', 'value': 'Thriller'}]",Atlee,"[{'id': 'nm5961051', 'name': 'Atlee'}]","Nayanthara, Shah Rukh Khan, Vijay Sethupathi, Deepika Padukone","[{'id': 'nm1521381', 'name': 'Nayanthara'}, {'id': 'nm0451321', 'name': 'Shah Rukh Khan'}, {'id': 'nm4043111', 'name': 'Vijay Sethupathi'}, {'id': 'nm2138653', 'name': 'Deepika Padukone'}]"
tt8589698,Teenage Mutant Ninja Turtles: Mutant Mayhem,Teenage Mutant Ninja Turtles: Mutant Mayhem (2023),2023,02 Aug 2023,https://m.media-amazon.com/images/M/MV5BYzE4MTllZTktMTIyZS00Yzg1LTg1YzAtMWQwZTZkNjNkODNjXkEyXkFqcGdeQXVyMTUzMTg2ODkz._V1_Ratio0.6699_AL_.jpg,99,99 mins,The film follows the Turtle brothers as they work to earn the love of New York City while facing down an army of mutants.,PG,7.3,34455,74,"Animation, Action, Adventure","[{'key': 'Animation', 'value': 'Animation'}, {'key': 'Action', 'value': 'Action'}, {'key': 'Adventure', 'value': 'Adventure'}]","Jeff Rowe, Kyler Spears","[{'id': 'nm6676487', 'name': 'Jeff Rowe'}, {'id': 'nm5859016', 'name': 'Kyler Spears'}]","Micah Abbey, Shamon Brown Jr., Nicolas Cantu, Brady Noon","[{'id': 'nm9368660', 'name': 'Micah Abbey'}, {'id': 'nm8366356', 'name': 'Shamon Brown Jr.'}, {'id': 'nm7751235', 'name': 'Nicolas Cantu'}, {'id': 'nm4054776', 'name': 'Brady Noon'}]"
tt17527468,Bottoms,Bottoms (2023),2023,11 Mar 2023,https://m.media-amazon.com/images/M/MV5BZWZkZjE2OGYtN2RiMS00ZDE5LWFlZGQtYzI1OTNhZDZkYzM3XkEyXkFqcGdeQXVyODk2NDQ3MTA@._V1_Ratio0.6699_AL_.jpg,91,91 mins,Two unpopular queer high school students start a fight club to have sex before graduation.,R,7.6,5224,77,Comedy,"[{'key': 'Comedy', 'value': 'Comedy'}]",Emma Seligman,"[{'id': 'nm7681231', 'name': 'Emma Seligman'}]","Rachel Sennott, Ayo Edebiri, Ruby Cruz, Havana Rose Liu","[{'id': 'nm6976735', 'name': 'Rachel Sennott'}, {'id': 'nm8731249', 'name': 'Ayo Edebiri'}, {'id': 'nm9342097', 'name': 'Ruby Cruz'}, {'id': 'nm10023988', 'name': 'Havana Rose Liu'}]"
tt22687790,A Haunting in Venice,A Haunting in Venice (2023),2023,15 Sep 2023,https://m.media-amazon.com/images/M/MV5BYmI4MzE2YjQtYWMxYi00MjBhLThhOTYtYjdiOGQ4NzE4MWViXkEyXkFqcGdeQXVyMzUwNDIxMjQ@._V1_Ratio0.7943_AL_.jpg,103,103 mins,"In post-World War II Venice, Poirot, now retired and living in his own exile, reluctantly attends a seance. But when one of the guests is murdered, it is up to the former detective to once again uncover the killer.",PG-13,6.8,8564,63,"Crime, Drama, Horror","[{'key': 'Crime', 'value': 'Crime'}, {'key': 'Drama', 'value': 'Drama'}, {'key': 'Horror', 'value': 'Horror'}]",Kenneth Branagh,"[{'id': 'nm0000110', 'name': 'Kenneth Branagh'}]","Kenneth Branagh, Michelle Yeoh, Jamie Dornan, Tina Fey","[{'id': 'nm0000110', 'name': 'Kenneth Branagh'}, {'id': 'nm0000706', 'name': 'Michelle Yeoh'}, {'id': 'nm1946193', 'name': 'Jamie Dornan'}, {'id': 'nm0275486', 'name': 'Tina Fey'}]"
tt7599146,Sound of Freedom,Sound of Freedom (2023),2023,04 Jul 2023,https://m.media-amazon.com/images/M/MV5BNTAwNWQ1ZjQtZDFmMC00YjNlLWFlNjItMjJlYzZkMjJlNzkyXkEyXkFqcGdeQXVyNzc0MTgzMzU@._V1_Ratio0.6699_AL_.jpg,131,131 mins,The incredible true story of a former government agent turned vigilante who embarks on a dangerous mission to rescue hundreds of children from sex traffickers.,PG-13,7.8,56794,36,"Action, Biography, Crime","[{'key': 'Action', 'value': 'Action'}, {'key': 'Biography', 'value': 'Biography'}, {'key': 'Crime', 'value': 'Crime'}]",Alejandro Monteverde,"[{'id': 'nm1920049', 'name': 'Alejandro Monteverde'}]","Jim Caviezel, Mira Sorvino, Bill Camp, Cristal Aparicio","[{'id': 'nm0001029', 'name': 'Jim Caviezel'}, {'id': 'nm0000227', 'name': 'Mira Sorvino'}, {'id': 'nm0131966', 'name': 'Bill Camp'}, {'id': 'nm10750217', 'name': 'Cristal Aparicio'}]"
tt9362930,Blue Beetle,Blue Beetle (2023),2023,18 Aug 2023,https://m.media-amazon.com/images/M/MV5BMmY1ODUzZGItNDllOS00MDBhLTg4NmUtYjU4YjUxMGNlYmMwXkEyXkFqcGdeQXVyODE5NzE3OTE@._V1_Ratio0.6699_AL_.jpg,127,127 mins,"An alien scarab chooses Jaime Reyes to be its symbiotic host, bestowing the recent college graduate with a suit of armor that's capable of extraordinary powers, forever changing his destiny as he becomes the superhero known as Blue Beetle.",PG-13,6.7,29172,61,"Action, Adventure, Sci-Fi","[{'key': 'Action', 'value': 'Action'}, {'key': 'Adventure', 'value': 'Adventure'}, {'key': 'Sci-Fi', 'value': 'Sci-Fi'}]",Angel Manuel Soto,"[{'id': 'nm3924049', 'name': 'Angel Manuel Soto'}]","Xolo Maridueña, Bruna Marquezine, Becky G, Damián Alcázar","[{'id': 'nm4927704', 'name': 'Xolo Maridueña'}, {'id': 'nm1367490', 'name': 'Bruna Marquezine'}, {'id': 'nm3121384', 'name': 'Becky G'}, {'id': 'nm0017343', 'name': 'Damián Alcázar'}]"
tt4495098,Gran Turismo,Gran Turismo (2023),2023,25 Aug 2023,https://m.media-amazon.com/images/M/MV5BMTI1YjFmN2UtOWZhOC00MjkwLTg2ZjgtNDQ5NDQ3YWNmNGRkXkEyXkFqcGdeQXVyMTAxNzQ1NzI@._V1_Ratio0.6699_AL_.jpg,134,134 mins,"Based on the unbelievable, inspiring true story of a team of underdogs - a struggling, working-class gamer, a failed former race car driver, and an idealistic motorsport exec - who risk it all to take on the most elite sport in the world.",PG-13,7.4,23160,48,"Action, Adventure, Drama","[{'key': 'Action', 'value': 'Action'}, {'key': 'Adventure', 'value': 'Adventure'}, {'key': 'Drama', 'value': 'Drama'}]",Neill Blomkamp,"[{'id': 'nm0088955', 'name': 'Neill Blomkamp'}]","David Harbour, Orlando Bloom, Archie Madekwe, Takehiro Hira","[{'id': 'nm1092086', 'name': 'David Harbour'}, {'id': 'nm0089217', 'name': 'Orlando Bloom'}, {'id': 'nm5994098', 'name': 'Archie Madekwe'}, {'id': 'nm3042346', 'name': 'Takehiro Hira'}]"
tt10638522,Talk to Me (I),Talk to Me (I) (2022),2022,28 Jul 2023,https://m.media-amazon.com/images/M/MV5BMmY5ZGE4NmUtZWI4OS00ZWJmLWFjMzgtOWUyZjI4NDg3Y2E5XkEyXkFqcGdeQXVyMTkxNjUyNQ@@._V1_Ratio0.6699_AL_.jpg,95,95 mins,"When a group of friends discover how to conjure spirits using an embalmed hand, they become hooked on the new thrill, until one of them goes too far and unleashes terrifying supernatural forces.",R,7.3,48238,76,"Horror, Thriller","[{'key': 'Horror', 'value': 'Horror'}, {'key': 'Thriller', 'value': 'Thriller'}]","Danny Philippou, Michael Philippou","[{'id': 'nm4053334', 'name': 'Danny Philippou'}, {'id': 'nm6100536', 'name': 'Michael Philippou'}]","Ari McCarthy, Hamish Phillips, Kit Erhart-Bruce, Sarah Brokensha","[{'id': 'nm8490058', 'name': 'Ari McCarthy'}, {'id': 'nm6006955', 'name': 'Hamish Phillips'}, {'id': 'nm13567262', 'name': 'Kit Erhart-Bruce'}, {'id': 'nm2563544', 'name': 'Sarah Brokensha'}]"
tt21103300,My Big Fat Greek Wedding 3,My Big Fat Greek Wedding 3 (2023),2023,08 Sep 2023,https://m.media-amazon.com/images/M/MV5BMDcyZTJmNmEtYzAyMS00MWZmLWFhZmItMmM2MTFiMjQyOTgwXkEyXkFqcGdeQXVyMTM1NjM2ODg1._V1_Ratio0.6699_AL_.jpg,92,92 mins,"After travelling to Greece for a family reunion, a woman attempts to locate her deceased father's childhood friends.",PG-13,5.4,1684,35,"Comedy, Drama, Romance","[{'key': 'Comedy', 'value': 'Comedy'}, {'key': 'Drama', 'value': 'Drama'}, {'key': 'Romance', 'value': 'Romance'}]",Nia Vardalos,"[{'id': 'nm0889522', 'name': 'Nia Vardalos'}]","Nia Vardalos, John Corbett, Louis Mandylor, Elena Kampouris","[{'id': 'nm0889522', 'name': 'Nia Vardalos'}, {'id': 'nm0179173', 'name': 'John Corbett'}, {'id': 'nm0541909', 'name': 'Louis Mandylor'}, {'id': 'nm4502102', 'name': 'Elena Kampouris'}]"
tt9603212,Mission: Impossible - Dead Reckoning Part One,Mission: Impossible - Dead Reckoning Part One (2023),2023,11 Jul 2023,https://m.media-amazon.com/images/M/MV5BYzFiZjc1YzctMDY3Zi00NGE5LTlmNWEtN2Q3OWFjYjY1NGM2XkEyXkFqcGdeQXVyMTUyMTUzNjQ0._V1_Ratio0.6794_AL_.jpg,163,163 mins,Ethan Hunt and his IMF team must track down a dangerous weapon before it falls into the wrong hands.,PG-13,7.9,138518,81,"Action, Adventure, Thriller","[{'key': 'Action', 'value': 'Action'}, {'key': 'Adventure', 'value': 'Adventure'}, {'key': 'Thriller', 'value': 'Thriller'}]",Christopher McQuarrie,"[{'id': 'nm0003160', 'name': 'Christopher McQuarrie'}]","Tom Cruise, Hayley Atwell, Ving Rhames, Simon Pegg","[{'id': 'nm0000129', 'name': 'Tom Cruise'}, {'id': 'nm2017943', 'name': 'Hayley Atwell'}, {'id': 'nm0000609', 'name': 'Ving Rhames'}, {'id': 'nm0670408', 'name': 'Simon Pegg'}]"
tt0468569,The Dark Knight,The Dark Knight (2008),2008,18 Jul 2008,https://m.media-amazon.com/images/M/MV5BMTMxNTMwODM0NF5BMl5BanBnXkFtZTcwODAyMTk2Mw@@._V1_Ratio0.6699_AL_.jpg,152,152 mins,"When the menace known as the Joker wreaks havoc and chaos on the people of Gotham, Batman must accept one of the greatest psychological and physical tests of his ability to fight injustice.",PG-13,9,2779847,84,"Action, Crime, Drama","[{'key': 'Action', 'value': 'Action'}, {'key': 'Crime', 'value': 'Crime'}, {'key': 'Drama', 'value': 'Drama'}]",Christopher Nolan,"[{'id': 'nm0634240', 'name': 'Christopher Nolan'}]","Christian Bale, Heath Ledger, Aaron Eckhart, Michael Caine","[{'id': 'nm0000288', 'name': 'Christian Bale'}, {'id': 'nm0005132', 'name': 'Heath Ledger'}, {'id': 'nm0001173', 'name': 'Aaron Eckhart'}, {'id': 'nm0000323', 'name': 'Michael Caine'}]"
tt1695843,Haunted Mansion,Haunted Mansion (2023),2023,28 Jul 2023,https://m.media-amazon.com/images/M/MV5BNTlmZmFkYTEtMDM4NS00NTgzLWFhODEtZjMxOTlmN2QxZTdiXkEyXkFqcGdeQXVyMTMzOTQyOTk1._V1_Ratio0.6699_AL_.jpg,123,123 mins,"A single mom named Gabbie hires a tour guide, a psychic, a priest and a historian to help exorcise her newly bought mansion after discovering it is inhabited by ghosts.",PG-13,6.2,12580,47,"Comedy, Drama, Family","[{'key': 'Comedy', 'value': 'Comedy'}, {'key': 'Drama', 'value': 'Drama'}, {'key': 'Family', 'value': 'Family'}]",Justin Simien,"[{'id': 'nm2282177', 'name': 'Justin Simien'}]","LaKeith Stanfield, Rosario Dawson, Owen Wilson, Tiffany Haddish","[{'id': 'nm3147751', 'name': 'LaKeith Stanfield'}, {'id': 'nm0206257', 'name': 'Rosario Dawson'}, {'id': 'nm0005562', 'name': 'Owen Wilson'}, {'id': 'nm1840504', 'name': 'Tiffany Haddish'}]"
tt8051894,The Hill,The Hill (2023),2023,25 Aug 2023,https://m.media-amazon.com/images/M/MV5BMmJmOWJkNDUtMDMzZi00ZmY3LWExYmEtYTYwMzNkMWEwNTlkXkEyXkFqcGdeQXVyMjkwOTAyMDU@._V1_Ratio0.6699_AL_.jpg,126,126 mins,The remarkable true-life story of Rickey Hill's improbable journey to play Major League Baseball.,PG,6.7,671,48,"Biography, Drama, Sport","[{'key': 'Biography', 'value': 'Biography'}, {'key': 'Drama', 'value': 'Drama'}, {'key': 'Sport', 'value': 'Sport'}]",Jeff Celentano,"[{'id': 'nm0147985', 'name': 'Jeff Celentano'}]","Colin Ford, Dennis Quaid, Joelle Carter, Scott Glenn","[{'id': 'nm1225406', 'name': 'Colin Ford'}, {'id': 'nm0000598', 'name': 'Dennis Quaid'}, {'id': 'nm0141710', 'name': 'Joelle Carter'}, {'id': 'nm0001277', 'name': 'Scott Glenn'}]"
tt0062622,2001: A Space Odyssey,2001: A Space Odyssey (1968),1968,12 May 1968,https://m.media-amazon.com/images/M/MV5BMmNlYzRiNDctZWNhMi00MzI4LThkZTctMTUzMmZkMmFmNThmXkEyXkFqcGdeQXVyNzkwMjQ5NzM@._V1_Ratio0.6699_AL_.jpg,149,149 mins,"After uncovering a mysterious artifact buried beneath the Lunar surface, a spacecraft is sent to Jupiter to find its origins: a spacecraft manned by two men and the supercomputer HAL 9000.",G,8.3,697997,84,"Adventure, Sci-Fi","[{'key': 'Adventure', 'value': 'Adventure'}, {'key': 'Sci-Fi', 'value': 'Sci-Fi'}]",Stanley Kubrick,"[{'id': 'nm0000040', 'name': 'Stanley Kubrick'}]","Keir Dullea, Gary Lockwood, William Sylvester, Daniel Richter","[{'id': 'nm0001158', 'name': 'Keir Dullea'}, {'id': 'nm0516972', 'name': 'Gary Lockwood'}, {'id': 'nm0843213', 'name': 'William Sylvester'}, {'id': 'nm0725220', 'name': 'Daniel Richter'}]"
tt26443107,The Adults,The Adults (2023),2023,05 Sep 2023,https://m.media-amazon.com/images/M/MV5BNzNiZjdmMDctN2FhZS00YmE4LWJmOTctYWYzNmY3NzY5NDllXkEyXkFqcGdeQXVyMTAyMjQ3NzQ1._V1_Ratio0.6890_AL_.jpg,91,91 mins,The plan to make a trip back home as short as possible begins to unravel as Eric finds himself balancing the challenging relationship with his two sisters and his addiction to a local poker game.,R,5.8,1219,73,"Comedy, Drama","[{'key': 'Comedy', 'value': 'Comedy'}, {'key': 'Drama', 'value': 'Drama'}]",Dustin Guy Defa,"[{'id': 'nm1037451', 'name': 'Dustin Guy Defa'}]","Michael Cera, Hannah Gross, Sophia Lillis, Wavyy Jonez","[{'id': 'nm0148418', 'name': 'Michael Cera'}, {'id': 'nm2193120', 'name': 'Hannah Gross'}, {'id': 'nm6096118', 'name': 'Sophia Lillis'}, {'id': 'nm8829152', 'name': 'Wavyy Jonez'}]"
tt14993250,Rocky Aur Rani Kii Prem Kahaani,Rocky Aur Rani Kii Prem Kahaani (2023),2023,28 Jul 2023,https://m.media-amazon.com/images/M/MV5BY2FlZTE5ZjgtZGY5Ny00ZjIzLWFmZjktNjc1OWIwZjIwN2IzXkEyXkFqcGdeQXVyMTUyNjIwMDEw._V1_Ratio0.7464_AL_.jpg,168,168 mins,"Flamboyant Punjabi Rocky and intellectual Bengali journalist Rani fall in love despite their differences. After facing family opposition, they decide to live with each other's families for three months before getting married.",Not Rated,7,32851,,"Comedy, Drama, Family","[{'key': 'Comedy', 'value': 'Comedy'}, {'key': 'Drama', 'value': 'Drama'}, {'key': 'Family', 'value': 'Family'}]",Karan Johar,"[{'id': 'nm0424103', 'name': 'Karan Johar'}]","Ranveer Singh, Alia Bhatt, Dharmendra, Shabana Azmi","[{'id': 'nm3828984', 'name': 'Ranveer Singh'}, {'id': 'nm1017633', 'name': 'Alia Bhatt'}, {'id': 'nm0004429', 'name': 'Dharmendra'}, {'id': 'nm0000818', 'name': 'Shabana Azmi'}]"
tt9428746,Aristotle and Dante Discover the Secrets of the Universe,Aristotle and Dante Discover the Secrets of the Universe (2022),2022,08 Sep 2023,https://m.media-amazon.com/images/M/MV5BMWRjN2I4NTAtOWQyYi00YjQ2LWEzNDEtY2NkZDg4Y2YzZTU0XkEyXkFqcGdeQXVyNjY1MTg4Mzc@._V1_Ratio0.6699_AL_.jpg,98,98 mins,"Mexican American teenagers Aristotle Mendoza and Dante Quintana explore their friendship while struggling with racial and ethnic identity, sexuality and family relationships in 1987 El Paso, Texas.",PG-13,7.2,502,69,Drama,"[{'key': 'Drama', 'value': 'Drama'}]",Aitch Alberto,"[{'id': 'nm2069622', 'name': 'Aitch Alberto'}]","Kevin Alejandro, Luna Blaise, Eva Longoria, Eugenio Derbez","[{'id': 'nm1204760', 'name': 'Kevin Alejandro'}, {'id': 'nm2399046', 'name': 'Luna Blaise'}, {'id': 'nm0519456', 'name': 'Eva Longoria'}, {'id': 'nm0220240', 'name': 'Eugenio Derbez'}]"
tt0119654,Men in Black,Men in Black (1997),1997,02 Jul 1997,https://m.media-amazon.com/images/M/MV5BOTlhYTVkMDktYzIyNC00NzlkLTlmN2ItOGEyMWQ4OTA2NDdmXkEyXkFqcGdeQXVyNTAyODkwOQ@@._V1_Ratio0.6699_AL_.jpg,98,98 mins,A police officer joins a secret organization that polices and monitors extraterrestrial interactions on Earth.,PG-13,7.3,594171,71,"Action, Adventure, Comedy","[{'key': 'Action', 'value': 'Action'}, {'key': 'Adventure', 'value': 'Adventure'}, {'key': 'Comedy', 'value': 'Comedy'}]",Barry Sonnenfeld,"[{'id': 'nm0001756', 'name': 'Barry Sonnenfeld'}]","Tommy Lee Jones, Will Smith, Linda Fiorentino, Vincent D'Onofrio","[{'id': 'nm0000169', 'name': 'Tommy Lee Jones'}, {'id': 'nm0000226', 'name': 'Will Smith'}, {'id': 'nm0000400', 'name': 'Linda Fiorentino'}, {'id': 'nm0000352', 'name': ""Vincent D'Onofrio""}]"
tt2380307,Coco (I),Coco (I) (2017),2017,22 Nov 2017,https://m.media-amazon.com/images/M/MV5BYjQ5NjM0Y2YtNjZkNC00ZDhkLWJjMWItN2QyNzFkMDE3ZjAxXkEyXkFqcGdeQXVyODIxMzk5NjA@._V1_Ratio0.6986_AL_.jpg,105,105 mins,"Aspiring musician Miguel, confronted with his family's ancestral ban on music, enters the Land of the Dead to find his great-great-grandfather, a legendary singer.",PG,8.4,554158,81,"Animation, Adventure, Drama","[{'key': 'Animation', 'value': 'Animation'}, {'key': 'Adventure', 'value': 'Adventure'}, {'key': 'Drama', 'value': 'Drama'}]","Lee Unkrich, Adrian Molina","[{'id': 'nm0881279', 'name': 'Lee Unkrich'}, {'id': 'nm2937122', 'name': 'Adrian Molina'}]","Anthony Gonzalez, Gael García Bernal, Benjamin Bratt, Alanna Ubach","[{'id': 'nm5645519', 'name': 'Anthony Gonzalez'}, {'id': 'nm0305558', 'name': 'Gael García Bernal'}, {'id': 'nm0000973', 'name': 'Benjamin Bratt'}, {'id': 'nm0005513', 'name': 'Alanna Ubach'}]"
tt15464390,Mastaney,Mastaney (2023),2023,25 Aug 2023,https://m.media-amazon.com/images/M/MV5BYTZjMWEwM2EtZmZhYi00MGZlLWI4MWEtYjkxODBmZDJmNzEyXkEyXkFqcGdeQXVyODQwMDcwNDY@._V1_Ratio0.7943_AL_.jpg,150,150 mins,"Set in 1739, Nadar Shah's undefeated army was attacked by Sikh Rebellions. Nadar demands to arrest them but it doesn't work out. Five ordinary men are hired to play Sikh Rebellions but over time they learn what Sikhs are.",,9,3977,,"Action, Drama, History","[{'key': 'Action', 'value': 'Action'}, {'key': 'Drama', 'value': 'Drama'}, {'key': 'History', 'value': 'History'}]",Sharan Art,"[{'id': 'nm6014257', 'name': 'Sharan Art'}]","Tarsem Jassar, Simi Chahal, Gurpreet Ghuggi, Karamjit Anmol","[{'id': 'nm8906441', 'name': 'Tarsem Jassar'}, {'id': 'nm8324884', 'name': 'Simi Chahal'}, {'id': 'nm1836657', 'name': 'Gurpreet Ghuggi'}, {'id': 'nm13308838', 'name': 'Karamjit Anmol'}]"
tt1490017,The Lego Movie,The Lego Movie (2014),2014,07 Feb 2014,https://m.media-amazon.com/images/M/MV5BMTg4MDk1ODExN15BMl5BanBnXkFtZTgwNzIyNjg3MDE@._V1_Ratio0.6699_AL_.jpg,100,100 mins,"An ordinary LEGO construction worker, thought to be the prophesied as ""special"", is recruited to join a quest to stop an evil tyrant from gluing the LEGO universe into eternal stasis.",PG,7.7,377872,83,"Animation, Action, Adventure","[{'key': 'Animation', 'value': 'Animation'}, {'key': 'Action', 'value': 'Action'}, {'key': 'Adventure', 'value': 'Adventure'}]","Phil Lord, Christopher Miller","[{'id': 'nm0520488', 'name': 'Phil Lord'}, {'id': 'nm0588087', 'name': 'Christopher Miller'}]","Chris Pratt, Will Ferrell, Elizabeth Banks, Will Arnett","[{'id': 'nm0695435', 'name': 'Chris Pratt'}, {'id': 'nm0002071', 'name': 'Will Ferrell'}, {'id': 'nm0006969', 'name': 'Elizabeth Banks'}, {'id': 'nm0004715', 'name': 'Will Arnett'}]"
tt0095953,Rain Man,Rain Man (1988),1988,16 Dec 1988,https://m.media-amazon.com/images/M/MV5BMzVjNzI4NzYtMjE4NS00M2IzLWFkOWMtOTYwMWUzN2ZlNGVjL2ltYWdlL2ltYWdlXkEyXkFqcGdeQXVyMTQxNzMzNDI@._V1_Ratio0.6699_AL_.jpg,133,133 mins,"After a selfish L.A. yuppie learns his estranged father left a fortune to an autistic-savant brother in Ohio that he didn't know existed, he absconds with his brother and sets out across the country, hoping to gain a larger inheritance.",R,8,533617,65,Drama,"[{'key': 'Drama', 'value': 'Drama'}]",Barry Levinson,"[{'id': 'nm0001469', 'name': 'Barry Levinson'}]","Dustin Hoffman, Tom Cruise, Valeria Golino, Gerald R. Molen","[{'id': 'nm0000163', 'name': 'Dustin Hoffman'}, {'id': 'nm0000129', 'name': 'Tom Cruise'}, {'id': 'nm0000420', 'name': 'Valeria Golino'}, {'id': 'nm0596520', 'name': 'Gerald R. Molen'}]"
tt8667828,Outlaw Johnny Black,Outlaw Johnny Black (2023),2023,15 Sep 2023,https://m.media-amazon.com/images/M/MV5BNjhkZjFjNDEtNGU5ZC00Njg1LThjNWEtZGU1ZTkxZjJlODE4XkEyXkFqcGdeQXVyMTAxNzQ1NzI@._V1_Ratio0.6699_AL_.jpg,130,130 mins,"Hell bent on avenging the death of his father, Johnny Black vows to gun down Brett Clayton and becomes a wanted man in the process while posing as a preacher in a small mining town that's been taken over by a notorious Land Baron.",PG-13,7,113,60,"Action, Comedy, Western","[{'key': 'Action', 'value': 'Action'}, {'key': 'Comedy', 'value': 'Comedy'}, {'key': 'Western', 'value': 'Western'}]",Michael Jai White,"[{'id': 'nm0925220', 'name': 'Michael Jai White'}]","Michael Jai White, Anika Noni Rose, Erica Ash, Byron Minns","[{'id': 'nm0925220', 'name': 'Michael Jai White'}, {'id': 'nm0741242', 'name': 'Anika Noni Rose'}, {'id': 'nm1404359', 'name': 'Erica Ash'}, {'id': 'nm0591528', 'name': 'Byron Minns'}]"
tt0075860,Close Encounters of the Third Kind,Close Encounters of the Third Kind (1977),1977,14 Dec 1977,https://m.media-amazon.com/images/M/MV5BMjM1NjE5NjQxN15BMl5BanBnXkFtZTgwMjYzMzQxMDE@._V1_Ratio0.6699_AL_.jpg,138,138 mins,"Roy Neary, an Indiana electric lineman, finds his quiet and ordinary daily life turned upside down after a close encounter with a UFO, spurring him to an obsessed cross-country quest for answers as a momentous event approaches.",PG,7.6,211391,90,"Drama, Sci-Fi","[{'key': 'Drama', 'value': 'Drama'}, {'key': 'Sci-Fi', 'value': 'Sci-Fi'}]",Steven Spielberg,"[{'id': 'nm0000229', 'name': 'Steven Spielberg'}]","Richard Dreyfuss, François Truffaut, Teri Garr, Melinda Dillon","[{'id': 'nm0000377', 'name': 'Richard Dreyfuss'}, {'id': 'nm0000076', 'name': 'François Truffaut'}, {'id': 'nm0000414', 'name': 'Teri Garr'}, {'id': 'nm0227039', 'name': 'Melinda Dillon'}]"
tt22085392,Satanic Hispanics,Satanic Hispanics (2022),2022,14 Sep 2023,https://m.media-amazon.com/images/M/MV5BMDI4NDg2MjUtNGJjYi00Zjc3LWJiMWUtOTNiMTU5ZWFkMWNmXkEyXkFqcGdeQXVyOTMzOTMzMTg@._V1_Ratio0.6699_AL_.jpg,105,105 mins,"When police raid a house in El Paso, they find it full of dead Latinos, and only one survivor. Known as ""The Traveler,"" he is taken to the police station for questioning. There, he recounts... See full summary",R,5.7,140,58,Horror,"[{'key': 'Horror', 'value': 'Horror'}]","Alejandro Brugués, Mike Mendez, Demián Rugna, Gigi Saul Guerrero, Eduardo Sánchez","[{'id': 'nm1486025', 'name': 'Alejandro Brugués'}, {'id': 'nm0579079', 'name': 'Mike Mendez'}, {'id': 'nm1899608', 'name': 'Demián Rugna'}, {'id': 'nm4464117', 'name': 'Gigi Saul Guerrero'}, {'id': 'nm0844896', 'name': 'Eduardo Sánchez'}]","Efren Ramirez, Jonah Ray, Hemky Madera, Patricia Velasquez","[{'id': 'nm0708293', 'name': 'Efren Ramirez'}, {'id': 'nm2370462', 'name': 'Jonah Ray'}, {'id': 'nm0534822', 'name': 'Hemky Madera'}, {'id': 'nm0892383', 'name': 'Patricia Velasquez'}]"
tt15428940,Jules (I),Jules (I) (2023),2023,11 Aug 2023,https://m.media-amazon.com/images/M/MV5BOTdjNWY2ODctM2EwMC00MzJlLWFmY2YtOWZlNjU0NDZlODEwXkEyXkFqcGdeQXVyMDc5ODIzMw@@._V1_Ratio0.6699_AL_.jpg,87,87 mins,"Milton lives a quiet life of routine in a small western Pennsylvania town, but finds his day upended when a UFO and its extra-terrestrial passenger crash land in his backyard.",PG-13,6.8,2368,57,"Comedy, Drama, Sci-Fi","[{'key': 'Comedy', 'value': 'Comedy'}, {'key': 'Drama', 'value': 'Drama'}, {'key': 'Sci-Fi', 'value': 'Sci-Fi'}]",Marc Turtletaub,"[{'id': 'nm1196755', 'name': 'Marc Turtletaub'}]","Ben Kingsley, Harriet Sansom Harris, Jane Curtin, Teddy Cañez","[{'id': 'nm0001426', 'name': 'Ben Kingsley'}, {'id': 'nm0364748', 'name': 'Harriet Sansom Harris'}, {'id': 'nm0004852', 'name': 'Jane Curtin'}, {'id': 'nm1563373', 'name': 'Teddy Cañez'}]"
tt0118884,Contact,Contact (1997),1997,11 Jul 1997,https://m.media-amazon.com/images/M/MV5BYWNkYmFiZjUtYmI3Ni00NzIwLTkxZjktN2ZkMjdhMzlkMDc3XkEyXkFqcGdeQXVyNDk3NzU2MTQ@._V1_Ratio0.6699_AL_.jpg,150,150 mins,"Dr. Ellie Arroway, after years of searching, finds conclusive radio proof of extraterrestrial intelligence, sending plans for a mysterious machine.",PG,7.5,286070,62,"Drama, Mystery, Sci-Fi","[{'key': 'Drama', 'value': 'Drama'}, {'key': 'Mystery', 'value': 'Mystery'}, {'key': 'Sci-Fi', 'value': 'Sci-Fi'}]",Robert Zemeckis,"[{'id': 'nm0000709', 'name': 'Robert Zemeckis'}]","Jodie Foster, Matthew McConaughey, Tom Skerritt, John Hurt","[{'id': 'nm0000149', 'name': 'Jodie Foster'}, {'id': 'nm0000190', 'name': 'Matthew McConaughey'}, {'id': 'nm0000643', 'name': 'Tom Skerritt'}, {'id': 'nm0000457', 'name': 'John Hurt'}]"
tt0096283,My Neighbor Totoro,My Neighbor Totoro (1988),1988,13 Jul 1990,https://m.media-amazon.com/images/M/MV5BYzJjMTYyMjQtZDI0My00ZjE2LTkyNGYtOTllNGQxNDMyZjE0XkEyXkFqcGdeQXVyMTMxODk2OTU@._V1_Ratio0.7081_AL_.jpg,86,86 mins,"When two girls move to the country to be near their ailing mother, they have adventures with the wondrous forest spirits who live nearby.",G,8.1,361413,86,"Animation, Comedy, Family","[{'key': 'Animation', 'value': 'Animation'}, {'key': 'Comedy', 'value': 'Comedy'}, {'key': 'Family', 'value': 'Family'}]",Hayao Miyazaki,"[{'id': 'nm0594503', 'name': 'Hayao Miyazaki'}]","Hitoshi Takagi, Noriko Hidaka, Chika Sakamoto, Shigesato Itoi","[{'id': 'nm0847054', 'name': 'Hitoshi Takagi'}, {'id': 'nm0383022', 'name': 'Noriko Hidaka'}, {'id': 'nm0757076', 'name': 'Chika Sakamoto'}, {'id': 'nm0411790', 'name': 'Shigesato Itoi'}]"
tt0090728,Big Trouble in Little China,Big Trouble in Little China (1986),1986,02 Jul 1986,https://m.media-amazon.com/images/M/MV5BNzlhYjEzOGItN2MwNS00ODRiLWE5OTItYThiNmJlMTdmMzgxXkEyXkFqcGdeQXVyNTAyODkwOQ@@._V1_Ratio0.6699_AL_.jpg,99,99 mins,A rough-and-tumble trucker and his side kick face off with an ancient sorcerer in a supernatural battle beneath Chinatown.,PG-13,7.2,149158,53,"Action, Adventure, Comedy","[{'key': 'Action', 'value': 'Action'}, {'key': 'Adventure', 'value': 'Adventure'}, {'key': 'Comedy', 'value': 'Comedy'}]",John Carpenter,"[{'id': 'nm0000118', 'name': 'John Carpenter'}]","Kurt Russell, Kim Cattrall, Dennis Dun, James Hong","[{'id': 'nm0000621', 'name': 'Kurt Russell'}, {'id': 'nm0000326', 'name': 'Kim Cattrall'}, {'id': 'nm0241748', 'name': 'Dennis Dun'}, {'id': 'nm0393222', 'name': 'James Hong'}]"
tt11992424,Saptha Sagaradaache Ello - Side A,Saptha Sagaradaache Ello - Side A (2023),2023,01 Sep 2023,https://m.media-amazon.com/images/M/MV5BM2E2ODFhYjgtN2QzYy00ZjlkLTgzZjgtNDkwODA2YWEwMDc3XkEyXkFqcGdeQXVyMTU0MDA4MDkz._V1_Ratio0.6890_AL_.jpg,142,142 mins,"Manu and Priya hail from a middle-class background and fall in love. When circumstances land Manu in jail, his relationship with Priya is put in jeopardy.",,8.9,2505,,"Drama, Romance","[{'key': 'Drama', 'value': 'Drama'}, {'key': 'Romance', 'value': 'Romance'}]",Hemanth M. Rao,"[{'id': 'nm9634132', 'name': 'Hemanth M. Rao'}]","Rakshit Shetty, Rukmini Vasanth, Chaithra J. Achar, Ramesh Indira","[{'id': 'nm5756214', 'name': 'Rakshit Shetty'}, {'id': 'nm9813269', 'name': 'Rukmini Vasanth'}, {'id': 'nm10182951', 'name': 'Chaithra J. Achar'}, {'id': 'nm10713862', 'name': 'Ramesh Indira'}]"
tt14051976,Camp Hideout,Camp Hideout (2023),2023,15 Sep 2023,https://m.media-amazon.com/images/M/MV5BODc0ODBjZWYtMTE3Yy00MmI1LWJlMDMtZDhjNWU5Y2YzMjUwXkEyXkFqcGdeQXVyMTM1NjM2ODg1._V1_Ratio0.6890_AL_.jpg,100,100 mins,"After a troubled teen steals an important item from two big city goons, he hides in a church summer camp and finds he must protect his new found friends at all cost when the goons track him down.",PG,6.5,57,,"Comedy, Family","[{'key': 'Comedy', 'value': 'Comedy'}, {'key': 'Family', 'value': 'Family'}]",Sean Olson,"[{'id': 'nm1235963', 'name': 'Sean Olson'}]","Corbin Bleu, Ethan Drew, Amanda Leighton, Christopher Lloyd","[{'id': 'nm0088298', 'name': 'Corbin Bleu'}, {'id': 'nm8532770', 'name': 'Ethan Drew'}, {'id': 'nm3112508', 'name': 'Amanda Leighton'}, {'id': 'nm0000502', 'name': 'Christopher Lloyd'}]"
tt14827638,The Retirement Plan,The Retirement Plan (2023),2023,15 Sep 2023,https://m.media-amazon.com/images/M/MV5BYTYyM2NmM2QtZTY4My00NDYxLTgyMTctY2ZhOWRjZjk1NjY5XkEyXkFqcGdeQXVyNTE0NDY2Ng@@._V1_Ratio0.6699_AL_.jpg,103,103 mins,"When Ashley and her young daughter Sarah get caught up in a criminal enterprise that puts their lives at risk, she turns to estranged father Matt, currently living the life of a retired beach bum in the Cayman Islands.",R,5.7,201,,"Action, Comedy, Crime","[{'key': 'Action', 'value': 'Action'}, {'key': 'Comedy', 'value': 'Comedy'}, {'key': 'Crime', 'value': 'Crime'}]",Tim Brown,"[{'id': 'nm2303666', 'name': 'Tim Brown'}]","Nicolas Cage, Ashley Greene, Ron Perlman, Jackie Earle Haley","[{'id': 'nm0000115', 'name': 'Nicolas Cage'}, {'id': 'nm2230865', 'name': 'Ashley Greene'}, {'id': 'nm0000579', 'name': 'Ron Perlman'}, {'id': 'nm0355097', 'name': 'Jackie Earle Haley'}]"
tt15891388,Miss Shetty Mr Polishetty,Miss Shetty Mr Polishetty (2023),2023,07 Sep 2023,https://m.media-amazon.com/images/M/MV5BNWE5NGZkOWYtODlkZS00Mzk5LWIzZjgtMjk4NzAxNzFmODA3XkEyXkFqcGdeQXVyMTQ3Mzk2MDg4._V1_Ratio0.6699_AL_.jpg,149,149 mins,"Miss Shetty is a feminist living in London and wants to be single forever. Mr. Polishetty from Hyderabad in Telangana, India, wants to be in a committed relationship. The two appear to be in different stages of life but somehow connect.",Not Rated,8,1136,,"Comedy, Drama, Romance","[{'key': 'Comedy', 'value': 'Comedy'}, {'key': 'Drama', 'value': 'Drama'}, {'key': 'Romance', 'value': 'Romance'}]",Mahesh Babu P.,"[{'id': 'nm12799020', 'name': 'Mahesh Babu P.'}]","Keshav Deepak, Abhinav Gomatam, Jayasudha, Koushik Mahata","[{'id': 'nm6642302', 'name': 'Keshav Deepak'}, {'id': 'nm5118890', 'name': 'Abhinav Gomatam'}, {'id': 'nm0419707', 'name': 'Jayasudha'}, {'id': 'nm14602716', 'name': 'Koushik Mahata'}]"
tt8591526,Fremont,Fremont (2023),2023,06 Dec 2023,https://m.media-amazon.com/images/M/MV5BN2NkYTI1MDktMDQ4My00YzIxLWE5NjQtMGFkZjNjYTI4ZDU0XkEyXkFqcGdeQXVyNDU0NjMyNTQ@._V1_Ratio0.6699_AL_.jpg,91,91 mins,"Donya works for a Chinese fortune cookie factory. Formerly a translator for the U.S. military, she struggles to put her life back in order. In a moment of sudden revelation, she decides to send out a special message in a cookie.",,7.2,284,72,Drama,"[{'key': 'Drama', 'value': 'Drama'}]",Babak Jalali,"[{'id': 'nm2171652', 'name': 'Babak Jalali'}]","Anaita Wali Zada, Jeremy Allen White, Gregg Turkington, Hilda Schmelling","[{'id': 'nm14282085', 'name': 'Anaita Wali Zada'}, {'id': 'nm2087739', 'name': 'Jeremy Allen White'}, {'id': 'nm0877203', 'name': 'Gregg Turkington'}, {'id': 'nm4903509', 'name': 'Hilda Schmelling'}]"
tt28076784,No More Bets,No More Bets (2023),2023,08 Aug 2023,https://m.media-amazon.com/images/M/MV5BZTU5ZDNkZmEtM2QxMC00MjYyLWJlNjUtMjkzMDY1NmM2OGMzXkEyXkFqcGdeQXVyNjE4NDQzODY@._V1_Ratio0.6699_AL_.jpg,130,130 mins,"A Chinese programmer and a model who, enticed by the promise of high-paying jobs, find themselves trapped in a foreign country as prisoners of a scam mill and were forced to be part of their online fraud scheme.",,6.6,914,,"Crime, Drama","[{'key': 'Crime', 'value': 'Crime'}, {'key': 'Drama', 'value': 'Drama'}]",Ao Shen,"[{'id': 'nm3937169', 'name': 'Ao Shen'}]","Yixing Zhang, Gina Chen Jin, Mei Yong, Chuan-jun Wang","[{'id': 'nm7344694', 'name': 'Yixing Zhang'}, {'id': 'nm6207728', 'name': 'Gina Chen Jin'}, {'id': 'nm3619308', 'name': 'Mei Yong'}, {'id': 'nm4369372', 'name': 'Chuan-jun Wang'}]"
tt1324999,The Twilight Saga: Breaking Dawn - Part 1,The Twilight Saga: Breaking Dawn - Part 1 (2011),2011,18 Nov 2011,https://m.media-amazon.com/images/M/MV5BODgxNDE0OTAzOF5BMl5BanBnXkFtZTcwNzcwODE2Ng@@._V1_Ratio0.6699_AL_.jpg,117,117 mins,"The Quileutes close in on expecting parents Edward and Bella, whose unborn child poses a threat to the Wolf Pack and the towns people of Forks.",PG-13,4.9,248946,45,"Adventure, Drama, Fantasy","[{'key': 'Adventure', 'value': 'Adventure'}, {'key': 'Drama', 'value': 'Drama'}, {'key': 'Fantasy', 'value': 'Fantasy'}]",Bill Condon,"[{'id': 'nm0174374', 'name': 'Bill Condon'}]","Kristen Stewart, Robert Pattinson, Taylor Lautner, Gil Birmingham","[{'id': 'nm0829576', 'name': 'Kristen Stewart'}, {'id': 'nm1500155', 'name': 'Robert Pattinson'}, {'id': 'nm1210124', 'name': 'Taylor Lautner'}, {'id': 'nm0083655', 'name': 'Gil Birmingham'}]"
tt5822848,The Inventor,The Inventor (2023),2023,15 Sep 2023,https://m.media-amazon.com/images/M/MV5BYzU4ODNhZWEtYTIzYi00YzM3LTg5NDctMDUyNjk3YWJhYTc1XkEyXkFqcGdeQXVyNTM0NTU5Mg@@._V1_Ratio0.6699_AL_.jpg,100,100 mins,"Inventing flying contraptions, war machines and studying cadavers, Leonardo da Vinci tackles the meaning of life itself with the help of French princess Marguerite de Nevarre.",PG,6.6,146,68,"Animation, Adventure, Comedy","[{'key': 'Animation', 'value': 'Animation'}, {'key': 'Adventure', 'value': 'Adventure'}, {'key': 'Comedy', 'value': 'Comedy'}]","Jim Capobianco, Pierre-Luc Granjon","[{'id': 'nm0135296', 'name': 'Jim Capobianco'}, {'id': 'nm1415699', 'name': 'Pierre-Luc Granjon'}]","Matt Berry, Daisy Ridley, Marion Cotillard, Stephen Fry","[{'id': 'nm1546196', 'name': 'Matt Berry'}, {'id': 'nm5397459', 'name': 'Daisy Ridley'}, {'id': 'nm0182839', 'name': 'Marion Cotillard'}, {'id': 'nm0000410', 'name': 'Stephen Fry'}]"
tt14954534,Cassandro,Cassandro (2023),2023,22 Sep 2023,https://m.media-amazon.com/images/M/MV5BY2RhYWNjZDQtOTI0Ny00OTMzLWIzMTItOTBjZDc2ZjhkOTJiXkEyXkFqcGdeQXVyMTUzMTg2ODkz._V1_Ratio0.6699_AL_.jpg,107,107 mins,"Follows the true story of Cassandro, the ''exotico'' character created by Saúl Armendáriz, gay amateur wrestler from El Paso who rose to international stardom.",R,6.3,298,76,"Biography, Drama, Sport","[{'key': 'Biography', 'value': 'Biography'}, {'key': 'Drama', 'value': 'Drama'}, {'key': 'Sport', 'value': 'Sport'}]",Roger Ross Williams,"[{'id': 'nm2141317', 'name': 'Roger Ross Williams'}]","Gael García Bernal, Roberta Colindrez, Perla De La Rosa, Joaquín Cosio","[{'id': 'nm0305558', 'name': 'Gael García Bernal'}, {'id': 'nm4295500', 'name': 'Roberta Colindrez'}, {'id': 'nm0478971', 'name': 'Perla De La Rosa'}, {'id': 'nm1370408', 'name': 'Joaquín Cosio'}]"
tt23052532,Mark Antony,Mark Antony (2023),2023,15 Sep 2023,https://m.media-amazon.com/images/M/MV5BYTE3NzM0ZjItMzZhZS00ODIwLWFhM2UtNTA4Mzk3N2YwOGQzXkEyXkFqcGdeQXVyMTUzNTgzNzM0._V1_Ratio0.6699_AL_.jpg,122,122 mins,"Two gangsters, Mark and Antony acquire a mobile phone that has the ability to time travel.",,7.3,1006,,"Action, Comedy, Drama","[{'key': 'Action', 'value': 'Action'}, {'key': 'Comedy', 'value': 'Comedy'}, {'key': 'Drama', 'value': 'Drama'}]",Adhik Ravichandran,"[{'id': 'nm7587855', 'name': 'Adhik Ravichandran'}]","Vishal, Sunil, S.J. Suryah, Karthi","[{'id': 'nm1953187', 'name': 'Vishal'}, {'id': 'nm1198628', 'name': 'Sunil'}, {'id': 'nm0754184', 'name': 'S.J. Suryah'}, {'id': 'nm1912683', 'name': 'Karthi'}]"
tt13892558,"Our Father, the Devil","Our Father, the Devil (2021)",2021,Jun 2022,https://m.media-amazon.com/images/M/MV5BOWZjZjhkMzctODIyNS00NzM5LTgwYjEtMTY3ZmY0ZjY2YjcyXkEyXkFqcGdeQXVyMTAxNzQ1NzI@._V1_Ratio0.6794_AL_.jpg,107,107 mins,An African refugee's quiet existence in a sleepy mountain town in the south of France is upended by the arrival of a charismatic Catholic priest whom she recognizes as the warlord who slaughtered her family.,,7.4,154,87,Thriller,"[{'key': 'Thriller', 'value': 'Thriller'}]",Ellie Foumbi,"[{'id': 'nm3203018', 'name': 'Ellie Foumbi'}]","Babetida Sadjo, Souleymane Sy Savane, Jennifer Tchiakpe, Franck Saurel","[{'id': 'nm3447751', 'name': 'Babetida Sadjo'}, {'id': 'nm2766807', 'name': 'Souleymane Sy Savane'}, {'id': 'nm3242630', 'name': 'Jennifer Tchiakpe'}, {'id': 'nm3898544', 'name': 'Franck Saurel'}]"
tt0029870,Angels with Dirty Faces,Angels with Dirty Faces (1938),1938,26 Nov 1938,https://m.media-amazon.com/images/M/MV5BY2JhZmJmOTQtMjg5Ni00N2M4LTlkNDAtOTc0ZGQ2MTJhNDM4XkEyXkFqcGdeQXVyNjc1NTYyMjg@._V1_Ratio0.6699_AL_.jpg,97,97 mins,A priest tries to stop a gangster from corrupting a group of street kids.,Passed,7.9,22668,,"Crime, Drama, Film-Noir","[{'key': 'Crime', 'value': 'Crime'}, {'key': 'Drama', 'value': 'Drama'}, {'key': 'Film-Noir', 'value': 'Film-Noir'}]",Michael Curtiz,"[{'id': 'nm0002031', 'name': 'Michael Curtiz'}]","James Cagney, Pat O'Brien, Humphrey Bogart, Ann Sheridan","[{'id': 'nm0000010', 'name': 'James Cagney'}, {'id': 'nm0002285', 'name': ""Pat O'Brien""}, {'id': 'nm0000007', 'name': 'Humphrey Bogart'}, {'id': 'nm0792130', 'name': 'Ann Sheridan'}]"
tt13157456,King on Screen,King on Screen (2022),2022,21 Sep 2023,https://m.media-amazon.com/images/M/MV5BOWVlZGNiZjItMDFhMi00MjE4LWJiOTktMzgzNGYyNTI2MmI2XkEyXkFqcGdeQXVyMzQwMTY2Nzk@._V1_Ratio0.6699_AL_.jpg,105,105 mins,"1976, Brian de Palma directs Carrie, the first novel by Stephen King. Since, more than 50 directors adapted the master of horror's books, in more than 80 films and series, making him now, the most adapted author still alive in the world.",,7.2,116,,Documentary,"[{'key': 'Documentary', 'value': 'Documentary'}]",Daphné Baiwir,"[{'id': 'nm1113387', 'name': 'Daphné Baiwir'}]","Mike Flanagan, James Caan, André Øvredal, Frank Darabont","[{'id': 'nm1093039', 'name': 'Mike Flanagan'}, {'id': 'nm0001001', 'name': 'James Caan'}, {'id': 'nm0004217', 'name': 'André Øvredal'}, {'id': 'nm0001104', 'name': 'Frank Darabont'}]"
tt0413893,The Taste of Tea,The Taste of Tea (2004),2004,20 Apr 2005,https://m.media-amazon.com/images/M/MV5BZjI1MjJmNjgtN2Y4YS00ODZmLWExMmQtNDJkYzRmZTE3MzI4XkEyXkFqcGdeQXVyOTAzODAwOQ@@._V1_Ratio0.7081_AL_.jpg,143,143 mins,A spell of time of a rural family's slightly surreal life.,,7.6,6985,77,"Comedy, Fantasy","[{'key': 'Comedy', 'value': 'Comedy'}, {'key': 'Fantasy', 'value': 'Fantasy'}]",Katsuhito Ishii,"[{'id': 'nm0411002', 'name': 'Katsuhito Ishii'}]","Maya Banno, Takahiro Satô, Tadanobu Asano, Satomi Tezuka","[{'id': 'nm1485804', 'name': 'Maya Banno'}, {'id': 'nm1694920', 'name': 'Takahiro Satô'}, {'id': 'nm0038355', 'name': 'Tadanobu Asano'}, {'id': 'nm1176715', 'name': 'Satomi Tezuka'}]"
tt26915668,Buhe Bariyan,Buhe Bariyan (2023),2023,15 Sep 2023,https://m.media-amazon.com/images/M/MV5BMDczNmQyMTktYzRkNC00MjFjLThkNWUtMzdmOWI4NTYwZjYwXkEyXkFqcGdeQXVyMTU3NTkzMTI1._V1_Ratio0.7943_AL_.jpg,129,129 mins,"A group of women fights against patriarchy and societal values. Prem Kaur, a new police officer uncovers dark secrets and becomes a beacon of hope for the womenfolk.",,7.5,14,,,[],Uday Pratap Singh,"[{'id': 'nm1598332', 'name': 'Uday Pratap Singh'}]","Neeru Bajwa, Rubina Bajwa, Gurpreet Bhangu, Jasbir Gill","[{'id': 'nm1263093', 'name': 'Neeru Bajwa'}, {'id': 'nm8743259', 'name': 'Rubina Bajwa'}, {'id': 'nm5679766', 'name': 'Gurpreet Bhangu'}, {'id': 'nm6633447', 'name': 'Jasbir Gill'}]"
tt28437326,Fantasy A Gets a Mattress,Fantasy A Gets a Mattress (2023),2023,30 Apr 2023,https://m.media-amazon.com/images/M/MV5BNGFjNTViMDgtYmM4Ny00OGYxLTkwODktOTRhMTNiMTBlZTllXkEyXkFqcGdeQXVyMTY4ODE3OTIz._V1_Ratio0.6699_AL_.jpg,79,79 mins,"After being kicked out of his group home onto the grim summer streets, Fantasy A, real-life autistic rapper, sets off on an odyssey to achieve fame and find a good mattress in this ensemble comedy filmed entirely on location in Seattle.",,9.3,9,,,[],"David Norman Lewis, Noah Zoltan Sofian","[{'id': 'nm10417988', 'name': 'David Norman Lewis'}, {'id': 'nm10417992', 'name': 'Noah Zoltan Sofian'}]","Fantasy-A, Acacia Porter, Logic Amen, Aaron Billingsly","[{'id': 'nm15112534', 'name': 'Fantasy-A'}, {'id': 'nm15112535', 'name': 'Acacia Porter'}, {'id': 'nm15112537', 'name': 'Logic Amen'}, {'id': 'nm15112536', 'name': 'Aaron Billingsly'}]"
tt17159128,Heart's Motive,Heart's Motive (2023),2023,25 Aug 2023,https://m.media-amazon.com/images/M/MV5BMGYwYzE5ZGItYzQ3NC00ZGYwLWEyOTAtYWNlNWI3NWNkNGY0XkEyXkFqcGdeQXVyMTI5ODA1OTU0._V1_Ratio0.6699_AL_.jpg,0,0 mins,A lawyer who has been banned for exposing the dark side of his law firm comes back and faces new challenges.,,6.2,18,,Drama,"[{'key': 'Drama', 'value': 'Drama'}]",Taige Li,"[{'id': 'nm13318307', 'name': 'Taige Li'}]","Xiaoming Huang, Ni Yan, Tumen, Qingzi Kan","[{'id': 'nm2119781', 'name': 'Xiaoming Huang'}, {'id': 'nm1106713', 'name': 'Ni Yan'}, {'id': 'nm1168163', 'name': 'Tumen'}, {'id': 'nm5129694', 'name': 'Qingzi Kan'}]"
tt5987420,Asteroid Hunters,Asteroid Hunters (2020),2020,08 Oct 2020,https://m.media-amazon.com/images/M/MV5BMTUyOGYxMDEtYzAzMy00ZTFiLTlmZWYtNmRhY2NkM2ZkMzc0XkEyXkFqcGdeQXVyMTc0NDUwMTE@._V1_Ratio0.7943_AL_.jpg,40,40 mins,"Asteroids; where they come from, the risk they pose our planet, and what we can do about the threat of an asteroid impact.",,7.4,82,,"Documentary, Short","[{'key': 'Documentary', 'value': 'Documentary'}, {'key': 'Short', 'value': 'Short'}]",W.D. Hogan,"[{'id': 'nm1016044', 'name': 'W.D. Hogan'}]","Daisy Ridley, Len J. Phillips, Bernadette Janssen, Jill Maria Robinson","[{'id': 'nm5397459', 'name': 'Daisy Ridley'}, {'id': 'nm6297095', 'name': 'Len J. Phillips'}, {'id': 'nm7088863', 'name': 'Bernadette Janssen'}, {'id': 'nm6023361', 'name': 'Jill Maria Robinson'}]"
tt12303932,Dinosaurs of Antarctica,Dinosaurs of Antarctica (2020),2020,08 Feb 2020,https://m.media-amazon.com/images/M/MV5BYzAyYjI1NTktMDBhOC00ZGE3LTkyMjQtZDVlNDFiNjljOTU4XkEyXkFqcGdeQXVyODg2OTI1MjQ@._V1_Ratio0.6699_AL_.jpg,40,40 mins,"Journey to the south polar landscapes of Antarctica hundreds of millions of years ago. Join Antarctic scientists on a quest to understand the ice continent's profound transformation, and predict the future as humans drive dramatic change.",,7.3,49,,"Documentary, Short","[{'key': 'Documentary', 'value': 'Documentary'}, {'key': 'Short', 'value': 'Short'}]",David Clark,"[{'id': 'nm0163837', 'name': 'David Clark'}]",,[]
tt14531770,Train Time,Train Time (2022),2022,2022,https://m.media-amazon.com/images/M/MV5BNzE3YjQ0OTQtOGYwNi00OTc2LWI0YjktMTViMTY4ZTVkMjM2XkEyXkFqcGdeQXVyMTIyNjc1NzIz._V1_Ratio0.6699_AL_.jpg,43,43 mins,"An overview of the history, structure, and staff roles of the BNSF Railway, following a specific engine through a circuit of the BNSF's famous routes.",,7.6,10,,"Documentary, Short","[{'key': 'Documentary', 'value': 'Documentary'}, {'key': 'Short', 'value': 'Short'}]",Stephen Low,"[{'id': 'nm0522844', 'name': 'Stephen Low'}]","Jake Lawrence, Ryan Thornburg","[{'id': 'nm11488195', 'name': 'Jake Lawrence'}, {'id': 'nm14077572', 'name': 'Ryan Thornburg'}]"
tt2174750,Flight of the Butterflies,Flight of the Butterflies (2012),2012,01 Oct 2012,https://m.media-amazon.com/images/M/MV5BOTI3NDA1MTU5MF5BMl5BanBnXkFtZTcwMTg4NjI0OA@@._V1_Ratio0.6699_AL_.jpg,40,40 mins,A film of hundreds of millions of monarchs in their remote overwintering sanctuaries and along their migratory routes from Canada and across the U.S. to Mexico.,Not Rated,7.2,552,,"Documentary, Short, Biography","[{'key': 'Documentary', 'value': 'Documentary'}, {'key': 'Short', 'value': 'Short'}, {'key': 'Biography', 'value': 'Biography'}]",Mike Slee,"[{'id': 'nm0805690', 'name': 'Mike Slee'}]","Gordon Pinsent, Patricia Phillips, Shaun Benson, Stephen Bogaert","[{'id': 'nm0684521', 'name': 'Gordon Pinsent'}, {'id': 'nm0680691', 'name': 'Patricia Phillips'}, {'id': 'nm0072648', 'name': 'Shaun Benson'}, {'id': 'nm0091505', 'name': 'Stephen Bogaert'}]"
